System,3wrobotNI
Controller,LQR
dt,0.1
state_init,[-3.   -3.    1.57]
Nactor,6
pred_step_size_multiplier,5.0
buffer_size,25
run_obj_struct,quadratic
R1_diag,"[100, 100, 10, 0, 0]"
R2_diag,"[1, 10, 1, 0, 0]"
Ncritic,25
gamma,0.9
critic_period_multiplier,1.0
critic_struct,quad-mix
actor_struct,quad-nomix
t [s],x [m],y [m],alpha [rad],run_obj,accum_obj,v [m/s],omega [rad/s]
0.0001,-3.0,-3.0,1.57,485.43274328037444,48.54327432803745,2.7943324709406325,-5.015929557143058
0.0011,-2.9999958532519564,-2.9980005156650664,1.5674188541666667,485.03604110717,97.04687843875445,2.799663327095169,-5.004155194562587
0.0064789623764264295,-2.999865501669655,-2.986167631459351,1.5521426010176156,482.67779466091105,145.31465790484555,2.8308304713468497,-4.934094959304035
0.05647896237642643,-2.99002507033042,-2.8767014378721534,1.4101426010176157,460.0165435605033,191.31631226089587,3.0880297862908557,-4.254478387273266
0.10647896237642643,-2.9647916703657704,-2.7697296791989596,1.2681426010176158,436.39486326564855,234.95579858746072,3.2830666276962783,-3.531762663967407
0.15647896237642644,-2.924673253662889,-2.6674057119739443,1.1261426010176159,412.34744534051487,276.1905431215122,3.412014876538299,-2.7781704125039095
0.20647896237642643,-2.8705960428182453,-2.5717169565628315,0.9869523049285711,388.45320637513623,315.0358637590258,3.4697414505750026,-2.0220737242197684
0.2564789623764264,-2.805064429909009,-2.4833156702468133,0.8824028655808711,365.62551169694245,351.59841492872005,3.443447987578953,-1.4520549182941607
0.3064789623764264,-2.7319112131745675,-2.4011306045787277,0.807202377712075,343.8411917895405,385.9825341076741,3.3725396639224643,-1.047098803068616
0.3564789623764264,-2.653637307519399,-2.3238257831307685,0.7530019344293611,322.96039630538945,418.278573738213,3.2810130223162344,-0.7611880086240712
0.4064789623764264,-2.571859449580086,-2.2502478262817567,0.7136395551172254,302.8886473095531,448.56743846916834,3.180468699300969,-0.5586385644476264
0.4564789623764264,-2.4876360960322765,-2.1794873663962946,0.6847845500008108,283.56652132959,476.9240906021273,3.0763010896628535,-0.41412545359503333
0.5064789623764264,-2.401673008264158,-2.110853342375729,0.6634196889252466,264.95620022140446,503.41971062426774,2.970945615543073,-0.3101288379871144
0.5564789623764265,-2.314450167419414,-2.043828695042647,0.6474393041162194,247.03291888409194,528.123002512677,2.8654529040638863,-0.2346019660664213
0.6064789623764265,-2.2263002954489615,-1.9780285708468512,0.6353650078288847,229.7799679886713,551.1009993115441,2.760235627098909,-0.17924219181761195
0.6564789623764266,-2.1374581336069913,-1.9131664551292327,0.6261506076001515,213.18577296931653,572.4195766084757,2.6554198612905555,-0.1382924340705662
0.7064789623764266,-2.0480919615001216,-1.8490283510879117,0.6190493659068905,197.24213906122947,592.1437905145987,2.551009225878183,-0.10772987550689538
0.7564789623764266,-1.958324165689655,-1.7854536273120252,0.6135235896380915,181.94315943381605,610.3381064579803,2.4469605463163218,-0.08472008853385037
0.8064789623764267,-1.868244925579586,-1.7223209851927987,0.609182722900975,167.28451246337394,627.0665577043177,2.343217764177194,-0.06724904016562583
0.8564789623764267,-1.7779214854436325,-1.6595382232964477,0.6057406502295573,153.26299588661033,642.3928572929788,2.2397262576633854,-0.05387362436638514
0.9064789623764268,-1.6874045401076558,-1.5970347721701295,0.6029860133402779,139.87621030320236,656.380478323299,2.136438114177947,-0.04355132369319321
0.9564789623764268,-1.599113782611678,-1.5363913002756169,0.6007614054207795,127.44905646207091,669.1253839695062,2.0360016282571816,-0.03551947397054033
1.0064789623764268,-1.5147075999801047,-1.478665629490556,0.5989488282404435,116.1438006340344,680.7397640329096,1.9402135313755442,-0.029213969197236806
1.0564789623764268,-1.4341816619819991,-1.423788206352369,0.5974593937562241,105.87762147894463,691.327526180804,1.8490077802965037,-0.024219358402787487
1.1064789623764268,-1.35737038320063,-1.371595022708506,0.596225663937933,96.55424992835485,700.9829511736395,1.7621504092544618,-0.020229519436670992
1.1564789623764269,-1.284111409975351,-1.3219365256006408,0.5951960051062278,88.08646310317164,709.7915974839567,1.6794219173137854,-0.01701671748194196
1.206478962376427,-1.2142472039902588,-1.2746755820517628,0.5943305275565558,80.39526222755909,717.8311237067126,1.6006164463577257,-0.014409937320031999
1.256478962376427,-1.1476255557362596,-1.2296855632855415,0.5935981508330455,73.4090581095339,725.1720295176659,1.5255404084358655,-0.01227960890511161
1.306478962376427,-1.0840998608885808,-1.1868488705122764,0.5929744618598572,67.06294722861885,731.8783242405278,1.4540113337873901,-0.010526730072741103
1.356478962376427,-1.023529237872921,-1.1460557840460621,0.5924401369761247,61.29806604727991,738.0081308452558,1.3858569016275963,-0.009075044730112745
1.406478962376427,-0.9657785373580625,-1.1072035505212994,0.5919797689861045,56.06101315461533,743.6142321607173,1.3209141175847985,-0.007865365879152946
1.4564789623764272,-0.9107182783590746,-1.0701956473502985,0.5915809878328,51.3033306969613,748.7445652304134,1.2590286081876674,-0.006851418836204579
1.5064789623764272,-0.85822453491215,-1.0349411805932647,0.5912337960385805,46.98103797739683,753.4426690281531,1.2000540088770193,-0.0059967718746618305
1.5564789623764272,-0.8081787900189459,-1.0013543844004371,0.5909300625693716,43.05421122086341,757.7480901502395,1.1438514271326887,-0.005272551567290083
1.6064789623764273,-0.7604677685797062,-0.9693541986933253,0.5906631345078355,39.48660438388653,761.6967505886281,1.0902889664128939,-0.004655729136140186
1.6564789623764273,-0.7149832575846239,-0.9388639078367824,0.5904275370113031,36.24530659626975,765.3212812482551,1.039241299815436,-0.0041278256463374635
1.7064789623764274,-0.6716219194187795,-0.9098108274400446,0.5902187399188114,33.30043239921603,768.6513244881767,0.9905892848471779,-0.0036739267877151736
1.7564789623764274,-0.6302851024315324,-0.8821260296113966,0.5900329750299397,30.62484142109207,771.7138086302858,0.9442196125846656,-0.0032819281696665004
1.8064789623764275,-0.5908786517081827,-0.8557440993236649,0.589867092169421,28.193884531129836,774.5331970833988,0.9000244859566352,-0.002941953460742661
1.8564789623764275,-0.5533127221122732,-0.8306029162679586,0.5897184451324761,25.985173849413805,777.1317144683402,0.8579013229843765,-0.0026459030072424217
1.9064789623764276,-0.5175015950398931,-0.806643457851111,0.5895848007938493,23.978374280915077,779.5295518964317,0.8177524816612922,-0.002387101587830944
1.9564789623764276,-0.48336349987284916,-0.7838096199487133,0.5894642662809058,22.155014491405858,781.7450533455723,0.779485003801867,-0.002160021959799678
2.0064789623764274,-0.4508204407867807,-0.7620480527465826,0.5893552303148193,20.498315460895768,783.7948848916618,0.7430103756905039,-0.001960066696354494
2.0564789623764272,-0.41979802932885246,-0.7413080095508504,0.5892563157255457,18.993034941228565,785.6941883857846,0.7082443037484972,-0.0017833951139197587
2.106478962376427,-0.3902253230031881,-0.7215412068653868,0.5891663408259193,17.625326312926937,787.4567210170774,0.675106503739877,-0.001626785271211985
2.156478962376427,-0.3620346699732518,-0.7027016943575891,0.5890842878456276,16.38261048565164,789.0949820656425,0.643520502274406,-0.0014875233937732895
2.2064789623764267,-0.33516155989639024,-0.6847457335835854,0.5890092770189455,15.253459619463,790.6203280275888,0.6134134495539065,-0.0013633148548141258
2.2564789623764265,-0.3095444808375823,-0.6676316845392469,0.5889405452216652,14.227491562648833,792.0430771838537,0.5847159424579322,-0.0012522121837098767
2.3064789623764264,-0.28512478216045734,-0.6513198992571576,0.5888774282852025,13.295274008035472,793.3726045846572,0.5573618571851974,-0.0011525565890537913
2.356478962376426,-0.2618465432589407,-0.6357726217916073,0.5888193462961387,12.448237464950356,794.6174283311523,0.531288190764909,-0.0010629302578341459
2.406478962376426,-0.23965644796884966,-0.6209538940310882,0.5887657913299147,11.678596229639552,795.7852879541163,0.5064349108319839,-0.0009821172855530081
2.456478962376426,-0.21850366448271513,-0.6068294668562066,0.588716317177352,10.97927661405625,796.8832156155219,0.4827448131261781,-0.0009090715488139526
2.5064789623764256,-0.19833973058103263,-0.593366716224568,0.588670530709184,10.34385176246818,797.9176007917687,0.4601633862301455,-0.000842890185788836
2.5564789623764255,-0.17911844398755222,-0.5805345638162577,0.5886280845921203,9.766482448098138,798.8942490365785,0.43863868310770526,-0.0007827916247370743
2.6064789623764253,-0.1607957576539668,-0.568303401916468,0.588588671124212,9.241863298724178,799.8184353664509,0.41812119904295403,-0.0007280973153576072
2.656478962376425,-0.14332967977959582,-0.5566450222475171,0.5885520170005237,8.765173951449066,800.6949527615958,0.39856375561454993,-0.0006782164863924963
2.706478962376425,-0.1266801783737384,-0.5455325484924176,0.588517878854718,8.332034683252155,801.528156229921,0.37992139036864314,-0.0006326333855650658
2.7564789623764248,-0.11080909017179322,-0.5349403722774376,0.5884860394499541,7.938466105949684,802.322002840516,0.3621512518794309,-0.0005908965628119075
2.8064789623764246,-0.0956800337206341,-0.5248440924026362,0.588456304414939,7.580852552244722,803.0800880957405,0.3452124999086544,-0.0005526098413543572
2.8564789623764244,-0.08125832645380653,-0.5152204571278559,0.5884284994391147,7.255908814032144,803.8056789771438,0.3290662103952784,-0.0005174246875965929
2.9064789623764242,-0.06751090558264762,-0.5060473093376688,0.5884024678557268,6.960649925383613,804.5017439696821,0.31367528502431663,-0.00048503374399230136
2.956478962376424,-0.054406252635267674,-0.49730353442274083,0.5883780685535498,6.692363710981988,805.1709803407804,0.29900436513976625,-0.0004551653320322657
3.006478962376424,-0.041914321481332666,-0.48896901072735305,0.5883551741678833,6.448585846482139,805.8158389254286,0.2850197497810429,-0.0004275787666824977
3.0564789623764237,-0.030006469686662054,-0.4810245624236797,0.5883336695095248,6.227077200597056,806.4385466454883,0.2716893176355266,-0.0004020603518187042
3.1064789623764235,-0.018655393047725736,-0.4734519146830936,0.5883134501970745,6.025803249868379,807.0411269704751,0.2589824527118086,-0.00037841994868874763
3.1564789623764233,-0.007835063162138547,-0.4662336510234439,0.5882944214634279,5.842915376284113,807.6254185081035,0.24686997354939624,-0.0003564880278599835
3.206478962376423,0.002479332102837241,-0.45935317271906406,0.5882764971118749,5.676733875335219,808.193091895637,0.23532406579078066,-0.0003361131303579411
3.256478962376423,0.012311445375985677,-0.45279466016735687,0.5882595986010064,5.525732517924285,808.7456651474295,0.2243182179513204,-0.0003171596759108032
3.306478962376423,0.02168382390859995,-0.44654303611225454,0.5882436542407908,5.388524523902196,809.2845175998197,0.2138271602311489,-0.0002995060664200766
3.3564789623764226,0.030617961182820192,-0.4405839306307613,0.5882285984848225,5.263849818049376,809.8109025816245,0.2038268062215852,-0.0002830430411469168
3.4064789623764224,0.039134346117664094,-0.43490364779421065,0.5882143713059572,5.150563451158665,810.3259589267404,0.19429419736618778,-0.0002676722471707293
3.4564789623764223,0.04725250998346222,-0.4294891339208778,0.5882009176444074,5.047625079628933,810.8307214347034,0.185207450043773,-0.00025330499408981143
3.506478962376422,0.05499107113048956,-0.42432794734121987,0.5881881869189401,4.9540894067426935,811.3261303753776,0.17654570514751539,-0.00023986116715936677
3.556478962376422,0.06236777763285243,-0.4194082296013191,0.5881761325931417,4.869097497668346,811.8130401251444,0.16828908004058596,-0.00022726827663388006
3.6064789623764217,0.06939954794414281,-0.4147186780341075,0.588164711789835,4.791868888281274,812.2922270139726,0.16041862277475186,-0.0002154606246290783
3.6564789623764216,0.07610250965700753,-0.41024851963168996,0.5881538849476895,4.721694415212832,812.7643964554939,0.1529162684640549,-0.00020437857365627297
3.7064789623764214,0.08249203645459667,-0.40598748615557767,0.5881436155148682,4.657929701179963,813.2301894256118,0.14576479771097017,-0.000193967903124032
3.756478962376421,0.08858278333784626,-0.40192579042491944,0.5881338696752499,4.599989235683265,813.6901883491802,0.1389477969875252,-0.00018417924218467506
3.806478962376421,0.09438872020871311,-0.398054103725894,0.5881246161033578,4.547340996642847,814.1449224488445,0.13244962087860537,-0.0001749675690926349
3.856478962376421,0.0999231638858073,-0.3943635342883186,0.5881158257446221,4.499501563521059,814.5948726051965,0.12625535609919325,-0.00016629176837367434
3.9064789623764207,0.10519880862535545,-0.3908456067782519,0.5881074716180491,4.456031677004482,815.040475772897,0.12035078720159378,-0.0001581142385062663
3.9564789623764205,0.11022775521707151,-0.3874922427579359,0.588099528638735,4.4165322044268,815.4821289933398,0.11472236389269873,-0.00015040054392098572
4.006478962376421,0.11502153872130162,-0.3842957420668458,0.5880919734579829,4.3806404738471905,815.9201930407245,0.1093571698852739,-0.00014311910553433294
4.056478962376421,0.11959115491074596,-0.3812487650799049,0.5880847843190677,4.34802694309012,816.3549957350335,0.10424289321082246,-0.0001362409253658536
4.10647896237642,0.12394708547713178,-0.3783443158010868,0.5880779409269263,4.318392173133333,816.7868349523469,0.09936779792511387,-0.00012973934101301118
4.15647896237642,0.12809932206041613,-0.3755757257526758,0.5880714243302595,4.2914640780297715,817.2159813601498,0.09472069714073789,-0.00012358980639996987
4.20647896237642,0.1320573891554288,-0.37293663862239623,0.5880652168147167,4.266995426092102,817.642680902759,0.09029092732416569,-0.00011776969573851012
4.25647896237642,0.13583036594831768,-0.3704209956324604,0.588059301805988,4.244761569378725,818.0671570596969,0.0860683237977985,-0.00011225812798016463
4.30647896237642,0.13942690713272732,-0.368023021596327,0.5880536637817672,4.224558380619067,818.4896128977588,0.08204319739031243,-0.00010703580938528138
4.3564789623764195,0.1428552627533223,-0.36573721163061634,0.5880482881916689,4.206200378622948,818.910232935621,0.0782063121812826,-0.00010208489216334282
4.406478962376419,0.14612329712205238,-0.36355831849119796,0.5880431613842869,4.189519024951316,819.3291848381161,0.07454886428865957,-9.738884738228422e-05
4.456478962376419,0.14923850685044499,-0.3614813405039549,0.588038270540672,4.17436117619982,819.7466209557361,0.07106246165008422,-9.293235051798127e-05
4.506478962376419,0.15220803803919586,-0.35950151006214603,0.5880336036135901,4.160587677676814,820.1626797235039,0.0677391047513563,-8.870117827919467e-05
4.556478962376419,0.15503870266440678,-0.3576142826636304,0.5880291492719902,4.1480720855568824,820.5774869320595,0.06457116825759125,-8.468211551116004e-05
4.606478962376419,0.15773699419798642,-0.35581532646249653,0.5880248968501735,4.136699505771515,820.9911568826367,0.06155138350466859,-8.08628709969212e-05
4.6564789623764185,0.16030910249798216,-0.35410051231085377,0.5880208363012124,4.126365538971321,821.4037934365339,0.0586728218106194,-7.723200131604362e-05
4.706478962376418,0.16276092800294326,-0.3524659042676971,0.5880169581542144,4.1169753218687966,821.8154909687207,0.05592887856846328,-7.377884186799834e-05
4.756478962376418,0.16509809526282598,-0.3509077505528565,0.5880132534750662,4.108442656156146,822.2263352343364,0.05331325808384527,-7.049344427147291e-05
4.806478962376418,0.16732596583743486,-0.34942247492508555,0.5880097138303375,4.100689216997361,822.6364041560361,0.05081995912254626,-6.736651955147852e-05
4.856478962376418,0.16944965059194847,-0.348006668464338,0.588006331254052,4.093643833824722,823.0457685394185,0.04844326113457028,-6.438938648772874e-05
4.906478962376418,0.1714740214176995,-0.34665708173922744,0.5880030982170639,4.087241836834197,823.4544927231019,0.04617771112310081,-6.155392457995029e-05
4.956478962376417,0.17340372240506385,-0.34537061734156527,0.588000007598808,4.081424463177762,823.8626351694197,0.0440181111280883,-5.885253122571568e-05
5.006478962376417,0.17524318049406096,-0.3441443227707274,0.5879970526612093,4.076138317398984,824.2702490011596,0.04195950629567952,-5.627808267371543e-05
5.056478962376417,0.17699661562707117,-0.34297538365141766,0.5879942270245626,4.071334881156552,824.6773824892753,0.039997173506009974,-5.382389829224784e-05
5.106478962376417,0.1786680504269375,-0.34186111726917146,0.587991524645214,4.06697006773315,825.0840794960486,0.03812661053322764,-5.1483708027616627e-05
5.156478962376417,0.18026131942263232,-0.34079896640868085,0.587988939794883,4.063003817238406,825.4903798777725,0.0363435257128,-4.9251622545165016e-05
5.2064789623764165,0.18178007784363356,-0.3397864934807286,0.5879864670414912,4.059399728788486,825.8963198506514,0.03464382809233222,-4.712210587451887e-05
5.256478962376416,0.18322781000316776,-0.3388213749241873,0.5879841012313689,4.056124726284473,826.3019323232799,0.03302361804327191,-4.5089950408897336e-05
5.306478962376416,0.18460783728953542,-0.3379013958701782,0.5879818374727233,4.053148754720298,826.7072471987519,0.031479178311903895,-4.315025388489409e-05
5.356478962376416,0.18592332578383716,-0.3370244450560926,0.5879796711202662,4.050444504231365,827.1122916491751,0.03000696548905973,-4.129839824830238e-05
5.406478962376416,0.18717729352156262,-0.336188509977757,0.5879775977609075,4.047987159349801,827.51709036511,0.02860360187894639,-3.953003027100556e-05
5.456478962376416,0.1883726174146889,-0.33539167226857575,0.5879756132004254,4.045754171163747,827.9216657822263,0.027265867748402443,-3.7841043617530465e-05
5.506478962376415,0.18951203985015733,-0.3346321032950089,0.5879737134510397,4.043725050288488,828.3260382872552,0.02599069393876817,-3.6227562433430115e-05
5.556478962376415,0.19059817497985576,-0.33390805995824485,0.5879718947198136,4.041881178748307,828.73022640513,0.02477515482340079,-3.468592610290449e-05
5.606478962376415,0.1916335147165271,-0.33321788069240244,0.587970153397822,4.040205639041631,829.1342469690342,0.023616461594652294,-3.321267526051197e-05
5.656478962376415,0.19262043444935045,-0.33255998165005307,0.5879684860500252,4.038683058819854,829.5381152749161,0.022511955864887048,-3.180453882490551e-05
5.706478962376415,0.1935611984922997,-0.3319328530662848,0.5879668894057954,4.0372994697536155,829.9418452218914,0.021459103566840335,-3.045842201797581e-05
5.7564789623764145,0.1944579652777705,-0.33133505579294303,0.5879653603500476,4.0360421792905425,830.3454494398204,0.020455489139313502,-2.9171395292289647e-05
5.806478962376414,0.1953127923073848,-0.33076521799507597,0.5879638959149268,4.034899654126909,830.7489394052332,0.01949880998484614,-2.794068402096046e-05
5.856478962376414,0.19612764087132356,-0.33022203200198547,0.5879624932720156,4.033861414323226,831.1523255466655,0.018586871186639865,-2.6763659023324262e-05
5.906478962376414,0.19690438054700932,-0.3297042513056426,0.5879611497250181,4.032917937091462,831.5556173403746,0.017717580472601267,-2.5637827686243384e-05
5.956478962376414,0.19764479348745342,-0.32921068769956574,0.587959862702892,4.032060569370488,831.9588233973117,0.01688894341494341,-2.4560825770422136e-05
6.006478962376414,0.19835057850910143,-0.3287402085515829,0.5879586297533916,4.031281448386998,832.3619515421503,0.016099058854319517,-2.3530409789250967e-05
6.0564789623764135,0.19902335498855,-0.3282917342042095,0.587957448536996,4.030573429472442,832.7650088850976,0.015346114537981168,-2.2544449874026665e-05
6.106478962376413,0.19966466657707055,-0.32786423549666494,0.5879563168211954,4.02993002047326,833.1680018871449,0.014628382961956047,-2.160092320299833e-05
6.156478962376413,0.2002759847414575,-0.32745673140283454,0.5879552324751091,4.029345322152092,833.5709364193601,0.01394421740769963,-2.0697907812597483e-05
6.206478962376413,0.2008587121393212,-0.3270682867797463,0.5879541934644139,4.028813974032784,833.9738178167634,0.013292048164100049,-1.9833576843939163e-05
6.256478962376413,0.20141418583656448,-0.3266980102213907,0.5879531978465634,4.028331105191921,834.3766509272825,0.012670378926202014,-1.9006193206116288e-05
6.306478962376413,0.20194368037442226,-0.326345052012951,0.5879522437662745,4.02789228954506,834.779440156237,0.012077783362350353,-1.8214104536214722e-05
6.356478962376412,0.20244841069309655,-0.3260086021807444,0.5879513294512686,4.027493505217128,835.1821895067587,0.011512901841890716,-1.7455738547276542e-05
6.406478962376412,0.20292953491869214,-0.325687888633394,0.5879504532082462,4.02713109762388,835.5849026165212,0.01097443831590954,-1.672959860209089e-05
6.456478962376412,0.2033881570198436,-0.32538217538996145,0.5879496134190846,4.0268017459255265,835.9875827911137,0.010461157343862304,-1.6034259633216716e-05
6.506478962376412,0.2038253293401263,-0.3250907608909704,0.5879488085372404,4.0265024325444205,836.3902330343682,0.00997188125925503,-1.5368364318225564e-05
6.556478962376412,0.20424205501205855,-0.3248129763884411,0.5879480370843453,4.026230415466997,836.7928560759149,0.009505487467884802,-1.4730619423317639e-05
6.6064789623764115,0.20463929025823183,-0.3245481844112391,0.5879472976469846,4.025983203075603,837.1954543962224,0.009060905872427793,-1.4119792469416345e-05
6.656478962376411,0.20501794658484496,-0.3242957773022133,0.5879465888736446,4.025758531279179,837.5980302493504,0.008637116417482125,-1.3534708506004058e-05
6.706478962376411,0.20537889287267433,-0.3240551758237636,0.587945909471821,4.025554342732769,838.0005856836236,0.008233146749405009,-1.297424718717292e-05
6.756478962376411,0.20572295737027416,-0.32382582782863656,0.587945258205276,4.02536876795509,838.4031225604191,0.007848069985607716,-1.2437339897414017e-05
6.806478962376411,0.20605092959397914,-0.3236072069928972,0.587944633891438,4.025200108170787,838.8056425712361,0.007481002588155179,-1.1922967171745678e-05
6.856478962376411,0.20636356213906593,-0.3233988116081668,0.5879440353989329,4.025046819719837,839.2081472532082,0.007131102336818814,-1.1430156160366213e-05
6.9064789623764105,0.206661572406228,-0.32320016343035446,0.5879434616452414,4.024907499890949,839.6106380031972,0.0067975663969171716,-1.0957978329694323e-05
6.95647896237641,0.20694564424732323,-0.3230108065822389,0.5879429115944728,4.024780874048924,840.0131160906021,0.006479629477511081,-1.0505547204690755e-05
7.00647896237641,0.20721642953416827,-0.32283030650738126,0.5879423842552519,4.0246657839377376,840.4155826689959,0.006176562075735269,-1.0072016336447556e-05
7.05647896237641,0.20747454965397835,-0.322658248972967,0.5879418786787085,4.024561177051993,840.8180387867011,0.0058876688032270695,-9.656577306544551e-06
7.10647896237641,0.20772059693488176,-0.3224942391192883,0.5879413939565663,4.02446609697914,841.220485396399,0.005612286790823361,-9.258457871633507e-06
7.15647896237641,0.2079551360047786,-0.3223379005536845,0.5879409292193264,4.024379674623802,841.6229233638613,0.005349784167861859,-8.87692023412513e-06
7.206478962376409,0.2081787050866607,-0.322188874486861,0.5879404836345364,4.024301120233625,842.0253534758847,0.0050995586125872055,-8.511259339690041e-06
7.256478962376409,0.20839181723336278,-0.3220468189096043,0.5879400564051461,4.024229716153458,842.4277764475,0.004861035970358444,-8.160801374929826e-06
7.306478962376409,0.20859496150457785,-0.3219114078080028,0.5879396467679382,4.024164810241316,842.8301929285242,0.004633668936461598,-7.824902213310598e-06
7.356478962376409,0.20878860408883546,-0.321782330415373,0.5879392539920371,4.024105809885692,843.2326035095127,0.004416935800528325,-7.502946061260384e-06
7.406478962376409,0.2089731893730167,-0.3216592904991734,0.587938877377486,4.024052176569311,843.6350087271696,0.004210339249662694,-7.194344086751769e-06
7.4564789623764085,0.20914914096185896,-0.3215420056812695,0.5879385162538924,4.024003420929367,844.0374090692626,0.0040134052275430845,-6.898533210680155e-06
7.506478962376408,0.2093168626497884,-0.3214302067899903,0.5879381699791354,4.023959098268924,844.4398049790894,0.003825681846871141,-6.614974855479795e-06
7.556478962376408,0.2094767393473097,-0.32132363724248886,0.5879378379381345,4.023918804478298,844.8421968595372,0.0036467383526806335,-6.3431538459048775e-06
7.606478962376408,0.20962913796407737,-0.3212220524559895,0.5879375195416746,4.0238821723289195,845.2445850767701,0.0034761641341262495,-6.082577321139638e-06
7.656478962376408,0.20977440825067448,-0.3211252192865704,0.5879372142252853,4.023848868105673,845.6469699635807,0.0033135677824779825,-5.832773721760107e-06
7.706478962376408,0.2099128836010293,-0.32103291549419377,0.5879369214481713,4.023818588546843,846.0493518224354,0.0031585761931765587,-5.593291790865843e-06
7.756478962376407,0.21004488181731057,-0.3209449292327561,0.5879366406921928,4.023791058063488,846.4517309282418,0.0030108337098657336,-5.36369970222034e-06
7.806478962376407,0.21017070583905542,-0.3208610585639876,0.5879363714608895,4.023766026212801,846.8541075308631,0.002870001308463992,-5.1435841294679e-06
7.856478962376407,0.21029064443820286,-0.32078111099408624,0.5879361132785522,4.023743265402198,847.2564818574033,0.0027357558193845197,-4.932549442829416e-06
7.906478962376407,0.21040497288162677,-0.3207049030320219,0.5879358656893334,4.023722568803097,847.6588541142836,0.002607789186126078,-4.730216930365251e-06
7.956478962376407,0.2105139535626879,-0.32063225976849846,0.5879356282563987,4.023703748455222,848.0612244891291,0.0024858077585381173,-4.536223997412303e-06
8.006478962376407,0.21061783660325395,-0.3205630144746062,0.5879354005611164,4.023686633544019,848.4635931524836,0.002369531619131751,-4.350223505668067e-06
8.056478962376408,0.21071686042756824,-0.320497008219245,0.5879351822022826,4.023671068835407,848.8659602593671,0.0022586939408904185,-4.171883013377796e-06
8.106478962376409,0.21081125230928327,-0.32043408950443886,0.5879349727953823,4.023656913253446,849.2683259506924,0.002153040375118552,-4.000884231154247e-06
8.15647896237641,0.21090122889291432,-0.32037411391770676,0.5879347719718794,4.0236440385879195,849.6706903545512,0.0020523284679108663,-3.836922300466747e-06
8.20647896237641,0.21098699669090878,-0.3203169438006904,0.587934579378542,4.023632328319906,850.0730535873832,0.001956327103907985,-3.679705246207248e-06
8.256478962376411,0.21106875255747162,-0.32026244793327974,0.5879343946767958,4.023621676554646,850.4754157550387,0.0018648159760668902,-3.528953436145331e-06
8.306478962376412,0.21114668414023383,-0.3202105012325109,0.587934217542104,4.0236119870518054,850.8777769537439,0.0017775850802261072,-3.384398994914306e-06
8.356478962376412,0.21122097031079984,-0.32016098446554564,0.5879340476633774,4.023603172344328,851.2801372709783,0.0016944342332972124,-3.2457853274067322e-06
8.406478962376413,0.21129178157516146,-0.3201137839760743,0.5879338847424082,4.023595152937726,851.6824967862722,0.0016151726140058132,-3.112866618785054e-06
8.456478962376414,0.21135928046492014,-0.3200687914235134,0.5879337284933279,4.023587856582498,852.0848555719305,0.0015396183250855435,-2.9854073563260567e-06
8.506478962376415,0.21142362191021435,-0.3200259035344006,0.5879335786420911,4.023581217612982,852.4872136936917,0.0014675979759615405,-2.8631819271328022e-06
8.556478962376415,0.21148495359520805,-0.31998502186541594,0.5879334349259778,4.023575176346559,852.8895712113264,0.0013989462849424764,-2.7459741206293215e-06
8.606478962376416,0.21154341629695542,-0.31994605257748615,0.5879332970931216,4.023569678537739,853.2919281791801,0.0013335057000167766,-2.633576787590945e-06
8.656478962376417,0.21159914420841944,-0.31990890622045265,0.5879331649020548,4.023564674882075,853.6942846466683,0.0012711260373770932,-2.525791437072518e-06
8.706478962376417,0.21165226524638495,-0.3198734975278105,0.5879330381212737,4.023560120565367,854.0966406587248,0.0012116641368565332,-2.422427857230358e-06
8.756478962376418,0.21170290134497274,-0.3198397452210467,0.5879329165288228,4.02355597485403,854.4989962562103,0.001154983533467855,-2.3233037451576906e-06
8.806478962376419,0.2117511687354281,-0.3198075718231284,0.5879327999118981,4.023552200722867,854.9013514762826,0.0011009541443074808,-2.228244411515629e-06
8.85647896237642,0.21179717821282512,-0.3197769034807145,0.5879326880664644,4.023548764516799,855.3037063527343,0.0010494519701021105,-2.137082434508662e-06
8.90647896237642,0.21184103539029936,-0.31974766979468106,0.5879325807968909,4.023545635643505,855.7060609162986,0.0010003588107103992,-2.0496573329929702e-06
8.956478962376421,0.21188284094139131,-0.3197198036585727,0.5879324779156025,4.023542786294101,856.108415194928,0.0009535619939248415,-1.9658153129819136e-06
9.006478962376422,0.2119226908310572,-0.31969324110460945,0.5879323792427443,4.023540191189321,856.510769214047,0.0009089541169612753,-1.885408950693707e-06
9.056478962376422,0.2119606765358765,-0.31966792115689474,0.5879322846058616,4.023537827348864,856.9131229967818,0.0008664328000332678,-1.808296940901013e-06
9.106478962376423,0.21199688525396196,-0.3196437856914888,0.5879321938395926,4.023535673881799,857.31547656417,0.0008259004514520833,-1.7343438391364258e-06
9.156478962376424,0.21203140010505303,-0.31962077930302607,0.5879321067853748,4.0235337117961,857.7178299353496,0.0007872640437090161,-1.66341979342627e-06
9.206478962376424,0.21206430032125223,-0.31959884917756987,0.5879320232911636,4.0235319238255585,858.1201831277322,0.0007504349000339376,-1.595400355347206e-06
9.256478962376425,0.2120956614288418,-0.31957794497141395,0.5879319432111614,4.0235302942724935,858.5225361571594,0.0007153284909266835,-1.530166188336368e-06
9.306478962376426,0.2121255554215976,-0.3195580186955517,0.5879318664055608,4.0235288088648185,858.9248890380459,0.0006818642402098385,-1.467602921633121e-06
9.356478962376427,0.21215405092599823,-0.31953902460554867,0.5879317927402957,4.023527454626154,859.3272417835085,0.0006499653401507965,-1.4076008991201767e-06
9.406478962376427,0.2121812133587079,-0.31952091909656494,0.587931722086804,4.023526219757784,859.7295944054842,0.0006195585752247625,-1.3500549755652408e-06
9.456478962376428,0.21220710507669482,-0.3195036606032876,0.5879316543218016,4.023525093531384,860.1319469148374,0.0005905741541249508,-1.294864375218073e-06
9.506478962376429,0.21223178552032915,-0.3194872095045427,0.5879315893270632,4.023524066191544,860.5342993214565,0.0005629455496234697,-1.2419324533044514e-06
9.55647896237643,0.21225531134978892,-0.3194715280323681,0.5879315269892144,4.023523128867179,860.9366516343432,0.0005366093459247422,-1.1911665669225008e-06
9.60647896237643,0.2122777365750869,-0.3194565801853394,0.587931467199531,4.023522273491014,861.3390038616923,0.0005115050931529764,-1.142477877250964e-06
9.65647896237643,0.2122991126800165,-0.3194423316459485,0.5879314098537486,4.023521492726424,861.7413560109649,0.00048757516865368213,-1.0957812255466176e-06
9.706478962376432,0.21231948874030168,-0.31942874970184676,0.5879313548518771,4.023520779900947,862.143708088955,0.00046476464476423365,-1.0509949396157224e-06
9.756478962376432,0.21233891153622084,-0.31941580317077134,0.5879313020980259,4.023520128945846,862.5460601018495,0.00044302116278766094,-1.0080407195920243e-06
9.806478962376433,0.21235742565996418,-0.31940346232898237,0.5879312515002351,4.023519534341198,862.9484120552837,0.0004222948128472381,-9.668434928682073e-07
9.856478962376434,0.21237507361797034,-0.31939169884304686,0.5879312029703126,4.023518991065981,863.3507639543903,0.000402538019357985,-9.273312559075332e-07
9.906478962376434,0.21239189592847674,-0.3193804857048135,0.5879311564236811,4.023518494552723,863.7531158038456,0.00038370543186845774,-8.894349765830244e-07
9.956478962376435,0.2124079312145083,-0.3193697971694276,0.5879311117792279,4.02351804064626,864.1554676079103,0.0003657538209917206,-8.530884843467361e-07
10.006478962376436,0.2124232162925171,-0.319359608696246,0.587931068959162,4.023517625566283,864.5578193704669,0.0003486419792071711,-8.182282857910677e-07
10.056478962376437,0.2124377862568767,-0.3193498968925145,0.5879310278888796,4.023517245873286,864.9601710950542,0.0003323306263101829,-7.847935188703628e-07
10.106478962376437,0.21245167456042505,-0.3193406394596795,0.5879309884968317,4.0235168984376095,865.3625227848979,0.0003167823192698362,-7.527258223285692e-07
10.156478962376438,0.21246491309124033,-0.319331815142211,0.5879309507143987,4.023516580411312,865.764874442939,0.0003019613663107309,-7.219692254992087e-07
10.206478962376439,0.21247753224582647,-0.31932340367881856,0.5879309144757706,4.023516289202609,866.1672260718593,0.00028783374501119237,-6.924700615391984e-07
10.25647896237644,0.21248956099887584,-0.3193153857559492,0.5879308797178312,4.023516022452629,866.5695776741046,0.00027436702423249586,-6.64176851989793e-07
10.30647896237644,0.2125010269697694,-0.3193077429634596,0.5879308463800482,4.023515778014295,866.9719292519061,0.00026153028969479853,-6.370402531157879e-07
10.35647896237644,0.21251195648596674,-0.31930045775236215,0.5879308144043661,4.023515553933125,867.3742808072994,0.0002492940730363869,-6.11012926120294e-07
10.406478962376442,0.2125223746434313,-0.31929351339454665,0.5879307837351057,4.023515348429783,867.7766323421424,0.00023763028419227858,-5.860494798259045e-07
10.456478962376442,0.21253230536422996,-0.31928689394438603,0.587930754318866,4.023515159884217,868.1789838581309,0.00022651214693531567,-5.621063883185966e-07
10.506478962376443,0.21254177145143868,-0.31928058420213745,0.5879307261044309,4.023514986821233,868.581335356813,0.00021591413742184365,-5.391419017797422e-07
10.556478962376444,0.21255079464148008,-0.3192745696790556,0.5879306990426799,4.0235148278974,868.9836868396028,0.00020581192562938195,-5.171159941123808e-07
10.606478962376444,0.21255939565401358,-0.3192688365641371,0.5879306730865017,4.023514681889124,869.3860383077918,0.00019618231951525994,-4.95990270354154e-07
10.656478962376445,0.21256759423949204,-0.3192633716924207,0.5879306481907121,4.02351454768183,869.78838976256,0.0001870032117977962,-4.7572791322035275e-07
10.706478962376446,0.21257540922449425,-0.3192581625147694,0.587930624311975,4.0235144242601,870.190741204986,0.00017825352922155578,-4.562936011570577e-07
10.756478962376447,0.2125828585549374,-0.3192531970690669,0.5879306014087271,4.023514310698734,870.5930926360559,0.00016991318419755163,-4.3765348345362065e-07
10.806478962376447,0.2125899593372683,-0.3192484639527601,0.5879305794411045,4.023514206154605,870.9954440566713,0.00016196302870481993,-4.197750774276598e-07
10.856478962376448,0.21259672787772843,-0.31924395229668634,0.5879305583708735,4.023514109859265,871.3977954676573,0.00015438481034228574,-4.0262722920464216e-07
10.906478962376449,0.21260317971978224,-0.3192396517401249,0.5879305381613643,4.023514021112216,871.8001468697685,0.00014716113044777344,-3.86180076180396e-07
10.95647896237645,0.21260932967979512,-0.31923555240701496,0.587930518777406,4.023513939274792,872.2024982636959,0.0001402754041624814,-3.7040496694173864e-07
11.00647896237645,0.21261519188104278,-0.3192316448832859,0.5879305001852658,4.0235138637646,872.6048496500724,0.00013371182237627098,-3.5527442791699776e-07
11.05647896237645,0.21262077978612995,-0.31922792019524815,0.5879304823525902,4.023513794050464,873.0072010294774,0.00012745531543527987,-3.407621028407962e-07
11.106478962376451,0.21262610622789269,-0.31922436978899443,0.5879304652483481,4.02351372964783,873.4095524024422,0.0001214915185653899,-3.268427190350068e-07
11.156478962376452,0.21263118343885554,-0.3192209855107647,0.5879304488427775,4.02351367011457,873.8119037694536,0.00011580673890401697,-3.134920379858664e-07
11.206478962376453,0.2126360230793111,-0.3192177595882291,0.5879304331073326,4.023513615047204,874.2142551309583,0.00011038792407101278,-3.006868215250528e-07
11.256478962376454,0.21264063626408597,-0.31921468461264657,0.5879304180146344,4.023513564077416,874.6166064873661,0.0001052226322131702,-2.8840476321769475e-07
11.306478962376454,0.21264503358805506,-0.3192117535218579,0.5879304035384233,4.023513516868929,875.018957839053,0.00010029900345190141,-2.766244857726251e-07
11.356478962376455,0.21264922515046247,-0.319208959584074,0.5879303896535129,4.023513473114635,875.4213091863644,9.560573265881124e-05,-2.653254769755294e-07
11.406478962376456,0.21265322057810487,-0.319206296382423,0.5879303763357461,4.02351343253399,875.8236605296178,9.113204351596495e-05,-2.5448807235170935e-07
11.456478962376456,0.21265702904743067,-0.31920375780021915,0.5879303635619533,4.02351339487066,876.2260118691048,8.686766377477682e-05,-2.4409340312452207e-07
11.506478962376457,0.21266065930560535,-0.3192013380069218,0.5879303513099116,4.0235133598903525,876.6283632050938,8.280280168598287e-05,-2.3412337976043768e-07
11.556478962376458,0.21266411969059174,-0.3191990314447503,0.5879303395583063,4.023513327378871,877.0307145378317,7.892812352113248e-05,-2.2456064424605264e-07
11.606478962376459,0.21266741815029092,-0.3191968328159253,0.5879303282866939,4.0235132971403225,877.4330658675458,7.523473215413718e-05,-2.153885491517205e-07
11.65647896237646,0.21267056226078815,-0.3191947370705068,0.5879303174754665,4.023513268995508,877.8354171944453,7.171414663773311e-05,-2.0659114563212192e-07
11.70647896237646,0.21267355924374506,-0.3191927393948008,0.587930307105817,4.0235132427804325,878.2377685187233,6.835828273562537e-05,-1.9815311307890554e-07
11.75647896237646,0.21267641598297848,-0.3191908352003088,0.5879302971597067,4.023513218344978,878.6401198405579,6.515943437354347e-05,-1.9005976613556733e-07
11.806478962376461,0.21267913904026403,-0.3191890201131932,0.5879302876198347,4.0235131955516685,879.042471160113,6.211025594497402e-05,-1.8229702380467562e-07
11.856478962376462,0.21268173467040016,-0.31918728996423656,0.5879302784696064,4.023513174274567,879.4448224775405,5.9203745455864296e-05,-1.748513789269272e-07
11.906478962376463,0.21268420883556804,-0.3191856407792695,0.5879302696931055,4.0235131543982545,879.8471737929802,5.6433228448148114e-05,-1.677098711583687e-07
11.956478962376464,0.21268656721901935,-0.3191840687700469,0.587930261275066,4.023513135816921,880.2495251065619,5.379234268440713e-05,-1.6086007479761308e-07
12.006478962376464,0.21268881523812416,-0.31918257032555086,0.5879302532008457,4.023513118433515,880.6518764184053,5.1275023539702515e-05,-1.542900785664103e-07
12.056478962376465,0.21269095805680838,-0.31918114200370007,0.5879302454564004,4.023513102158988,881.0542277286212,4.8875490086758206e-05,-1.4798844117575529e-07
12.106478962376466,0.2126930005974095,-0.31917978052344737,0.5879302380282599,4.023513086911591,881.4565790373124,4.6588231818927005e-05,-1.4194420809379628e-07
12.156478962376466,0.21269494755197782,-0.3191784827572466,0.5879302309035042,4.023513072616249,881.858930344574,4.440799600709683e-05,-1.3614685552541304e-07
12.206478962376467,0.2126968033930489,-0.31917724572387207,0.5879302240697412,4.023513059203981,882.2612816504944,4.232977564155996e-05,-1.3058630003562941e-07
12.256478962376468,0.2126985723839124,-0.3191760665815739,0.5879302175150851,4.023513046611369,882.6636329551555,4.034879793543716e-05,-1.2525287110029458e-07
12.306478962376469,0.21270025858840047,-0.31917494262155316,0.5879302112281356,4.023513034780089,883.0659842586335,3.846051337275771e-05,-1.2013728523301634e-07
12.35647896237647,0.2127018658802182,-0.31917387126174274,0.5879302051979581,4.023513023656472,883.4683355609992,3.666058526318275e-05,-1.152306476192078e-07
12.40647896237647,0.21270339795183776,-0.3191728500408787,0.5879301994140648,4.0235130131910966,883.8706868623183,3.494487978549263e-05,-1.1052441884968939e-07
12.45647896237647,0.2127048583229766,-0.31917187661284907,0.5879301938663962,4.023513003338442,884.2730381626521,3.3309456501414634e-05,-1.0601041224815582e-07
12.506478962376471,0.2127062503486787,-0.3191709487413071,0.587930188545304,4.023512994056547,884.6753894620578,3.1750559308585224e-05,-1.0168078319833719e-07
12.556478962376472,0.21270757722701839,-0.3191700642945362,0.5879301834415335,4.02351298530671,885.0777407605884,3.0264607817920564e-05,-9.752798408737381e-08
12.606478962376473,0.2127088420064433,-0.3191692212405556,0.5879301785462088,4.0235129770532225,885.4800920582937,2.8848189132931564e-05,-9.354480438985368e-08
12.656478962376474,0.21271004759277407,-0.3191684176424541,0.587930173850816,4.023512969263106,885.8824433552201,2.7498050019934216e-05,-8.972431285296163e-08
12.706478962376474,0.21271119675587669,-0.3191676516539432,0.5879301693471893,4.023512961905896,886.2847946514106,2.6211089433284407e-05,-8.605986788281467e-08
12.756478962376475,0.21271229213602258,-0.319166921515117,0.587930165027496,4.023512954953419,886.687145946906,2.4984351400248536e-05,-8.254508277658321e-08
12.806478962376476,0.21271333624995126,-0.3191662255484116,0.5879301608842239,4.02351294837962,887.089497241744,2.381501823658393e-05,-7.917385216430336e-08
12.856478962376476,0.21271433149664945,-0.31916556215475267,0.5879301569101676,4.023512942160373,887.49184853596,2.2700404072196783e-05,-7.594032148867913e-08
12.906478962376477,0.21271528016285976,-0.3191649298098836,0.5879301530984153,4.023512936273328,887.8941998295874,2.1637948691168652e-05,-7.283884938452705e-08
12.956478962376478,0.2127161844283317,-0.3191643270608654,0.5879301494423386,4.0235129306977715,888.2965511226571,2.062521164981355e-05,-6.986405561136859e-08
13.006478962376478,0.21271704637082722,-0.31916375252274026,0.5879301459355788,4.0235129254144875,888.6989024151985,1.9659866677115602e-05,-6.701075215029397e-08
13.05647896237648,0.2127178679708919,-0.3191632048753511,0.5879301425720379,4.023512920405636,889.101253707239,1.8739696329497445e-05,-6.427398870730148e-08
13.10647896237648,0.212718651116403,-0.3191626828603102,0.5879301393458662,4.023512915654648,889.5036049988045,1.7862586908186137e-05,-6.164899670197053e-08
13.15647896237648,0.21271939760690495,-0.31916218527810897,0.5879301362514535,4.023512911146121,889.9059562899191,1.7026523594204986e-05,-5.913121658561213e-08
13.206478962376481,0.21272010915774167,-0.319161710985364,0.5879301332834185,4.023512906865724,890.3083075806057,1.6229585835794413e-05,-5.671626839944535e-08
13.256478962376482,0.212720787403996,-0.31916125889219077,0.5879301304365995,4.023512902800121,890.7106588708857,1.5469942928959218e-05,-5.4399944206899285e-08
13.306478962376483,0.21272143390424447,-0.31916082795970097,0.5879301277060461,4.023512898936883,891.1130101607794,1.4745849820498386e-05,-5.217823070831077e-08
13.356478962376483,0.2127220501441368,-0.3191604171976166,0.5879301250870096,4.023512895264425,891.5153614503058,1.4055643096991997e-05,-5.004725127545198e-08
13.406478962376484,0.21272263753980758,-0.31916002566199597,0.5879301225749355,4.023512891771937,891.917712739483,1.339773716943275e-05,-4.800330397380646e-08
13.456478962376485,0.21272319744112858,-0.3191596524530655,0.5879301201654554,4.02351288844933,892.3200640283279,1.2770620630018499e-05,-4.6042837128519265e-08
13.506478962376486,0.21272373113480894,-0.3191592967131536,0.5879301178543791,4.023512885287176,892.7224153168567,1.2172852782307054e-05,-4.416243825407553e-08
13.556478962376486,0.21272423984735017,-0.31915895762472063,0.5879301156376877,4.023512882276657,893.1247666050843,1.1603060336460443e-05,-4.235883645670126e-08
13.606478962376487,0.21272472474786308,-0.3191586344084817,0.5879301135115264,4.023512879409524,893.5271178930253,1.1059934250882204e-05,-4.0628892748728955e-08
13.656478962376488,0.21272518695075285,-0.31915832632161645,0.5879301114721979,4.023512876678056,893.9294691806931,1.054222672879186e-05,-3.896960943155015e-08
13.706478962376488,0.21272562751827837,-0.31915803265606335,0.5879301095161555,4.02351287407501,894.3318204681007,1.0048748356025655e-05,-3.737808328270906e-08
13.75647896237649,0.21272604746299217,-0.3191577527368932,0.5879301076399983,4.023512871593602,894.73417175526,9.578365365115707e-06,-3.585155675597687e-08
13.80647896237649,0.21272644775006594,-0.3191574859207591,0.5879301058404637,4.0235128692274635,895.1365230421828,9.129997035569504e-06,-3.438738137767763e-08
13.85647896237649,0.2127268292995073,-0.31915723159441883,0.5879301041144219,4.023512866970611,895.5388743288798,8.702613210403188e-06,-3.29829993487363e-08
13.906478962376491,0.21272719298827295,-0.3191569891733263,0.5879301024588718,4.023512864817428,895.9412256153615,8.29523193237919e-06,-3.163597721942078e-08
13.956478962376492,0.21272753965228303,-0.3191567581002889,0.5879301008709341,4.023512862762626,896.3435769016378,7.90691718473624e-06,-3.0343963860569786e-08
14.006478962376493,0.21272787008834085,-0.3191565378441876,0.5879300993478478,4.023512860801233,896.7459281877179,7.536776749140987e-06,-2.910472333510678e-08
14.056478962376493,0.21272818505596336,-0.31915632789875736,0.587930097886964,4.023512858928568,897.1482794736108,7.183960151947783e-06,-2.7916088266513687e-08
14.106478962376494,0.21272848527912566,-0.31915612778142377,0.5879300964857427,4.023512857140219,897.5506307593249,6.847656709770617e-06,-2.6775995987368558e-08
14.156478962376495,0.21272877144792388,-0.3191559370321949,0.5879300951417471,4.023512855432022,897.9529820448681,6.527093671617648e-06,-2.5682470039818217e-08
14.206478962376496,0.21272904422016034,-0.31915575521260475,0.5879300938526401,4.023512853800057,898.3553333302481,6.221534445407674e-06,-2.4633606058812384e-08
14.256478962376496,0.21272930422285474,-0.3191555819047058,0.5879300926161798,4.023512852240619,898.7576846154722,5.930276898969815e-06,-2.3627565490218073e-08
14.306478962376497,0.21272955205368416,-0.3191554167101091,0.5879300914302167,4.023512850750209,899.1600359005472,5.6526517581953764e-06,-2.2662625656317006e-08
14.356478962376498,0.21272978828235628,-0.31915525924906923,0.5879300902926878,4.023512849325517,899.5623871854798,5.388021060788097e-06,-2.1737089593714665e-08
14.406478962376498,0.21273001345191794,-0.3191551091596117,0.5879300892016154,4.023512847963417,899.9647384702762,5.135776695711674e-06,-2.0849352988610263e-08
14.456478962376499,0.21273022808000264,-0.31915496609670174,0.5879300881551021,4.02351284666095,900.3670897549423,4.895339007231982e-06,-1.9997872126896375e-08
14.5064789623765,0.2127304326600196,-0.3191548297314515,0.587930087151328,4.023512845415315,900.7694410394838,4.666155460666712e-06,-1.918116100676315e-08
14.5564789623765,0.21273062766228729,-0.31915469975036453,0.5879300861885479,4.023512844223857,901.1717923239062,4.447699377273606e-06,-1.8397813017035196e-08
14.606478962376501,0.21273081353511394,-0.3191545758546156,0.5879300852650873,4.0235128430840605,901.5741436082146,4.239468719350875e-06,-1.7646445617656456e-08
14.656478962376502,0.2127309907058273,-0.3191544577593643,0.5879300843793408,4.023512841993545,901.9764948924139,4.0409849441446745e-06,-1.6925775151390394e-08
14.706478962376503,0.21273115958175642,-0.31915434519310054,0.5879300835297677,4.023512840950043,902.3788461765089,3.851791898485443e-06,-1.6234534152271066e-08
14.756478962376503,0.21273132055116747,-0.31915423789702085,0.5879300827148908,4.023512839951413,902.781197460504,3.6714547744114e-06,-1.5571516353849837e-08
14.806478962376504,0.2127314739841557,-0.3191541356244338,0.5879300819332934,4.023512838995611,903.1835487444035,3.4995591107712447e-06,-1.4935584708332856e-08
14.856478962376505,0.2127316202334957,-0.3191540381401933,0.5879300811836161,4.023512838080705,903.5859000282117,3.335709839512526e-06,-1.4325616384231746e-08
14.906478962376505,0.21273175963545196,-0.3191539452201581,0.5879300804645555,4.023512837204852,903.9882513119321,3.1795303784240887e-06,-1.3740569816131468e-08
14.956478962376506,0.2127318925105513,-0.31915385665067736,0.5879300797748608,4.023512836366305,904.3906025955688,3.0306617695686642e-06,-1.3179407487738724e-08
15.006478962376507,0.21273201916431944,-0.31915377222809915,0.5879300791133331,4.0235128355634,904.7929538791251,2.8887618496045822e-06,-1.2641164843518248e-08
15.056478962376508,0.2127321398879829,-0.319153691758303,0.5879300784788218,4.02351283479455,905.1953051626045,2.7535044662184344e-06,-1.2124902767524603e-08
15.106478962376508,0.21273225495913803,-0.3191536150562537,0.5879300778702239,4.023512834058253,905.5976564460103,2.6245787342869455e-06,-1.162973168671327e-08
15.156478962376509,0.21273236464238912,-0.31915354194557616,0.5879300772864806,4.023512833353072,906.0000077293456,2.5016883101017696e-06,-1.1154775212126449e-08
15.20647896237651,0.212732469189956,-0.31915347225815016,0.5879300767265774,4.023512832677641,906.4023590126134,2.384550720182113e-06,-1.069921761177876e-08
15.25647896237651,0.2127325688422538,-0.31915340583372415,0.5879300761895404,4.023512832030658,906.8047102958164,2.272896711545106e-06,-1.0262269413376868e-08
15.306478962376511,0.21273266382844536,-0.3191533425195469,0.5879300756744357,4.023512831410882,907.2070615789576,2.1664696289765505e-06,-9.843161719197075e-09
15.356478962376512,0.21273275436696767,-0.31915328217001665,0.5879300751803676,4.02351283081713,907.6094128620392,2.0650248279478583e-06,-9.441174019319737e-09
15.406478962376513,0.21273284066603393,-0.3191532246463464,0.5879300747064768,4.023512830248273,908.011764145064,1.9683291117771782e-06,-9.055602358204263e-09
15.456478962376513,0.21273292292411186,-0.31915316981624503,0.5879300742519395,4.023512829703236,908.4141154280344,1.8761601985100684e-06,-8.68577284018995e-09
15.506478962376514,0.21273300133037984,-0.31915311755361353,0.5879300738159655,4.023512829180996,908.8164667109525,1.7883062080429155e-06,-8.331052049731278e-09
15.556478962376515,0.21273307606516167,-0.3191530677382549,0.5879300733977963,4.023512828680569,909.2188179938205,1.7045651760544715e-06,-7.990815913226232e-09
15.606478962376515,0.2127331473003409,-0.3191530202555981,0.587930072996705,4.023512828201019,909.6211692766406,1.6247445867134504e-06,-7.664472986412688e-09
15.656478962376516,0.21273321519975572,-0.3191529749964348,0.587930072611994,4.023512827741456,910.0235205594147,1.5486609374306245e-06,-7.35145848601917e-09
15.706478962376517,0.21273327991957558,-0.31915293185666843,0.5879300722429947,4.023512827301025,910.4258718421448,1.4761393142634629e-06,-7.051227451580107e-09
15.756478962376518,0.2127333416086602,-0.31915289073707476,0.587930071889065,4.023512826878914,910.8282231248327,1.4070129832470209e-06,-6.763264704361793e-09
15.806478962376518,0.21273340040890135,-0.3191528515430741,0.5879300715495894,4.02351282647434,911.2305744074802,1.3411230181893627e-06,-6.487055249516045e-09
15.856478962376519,0.21273345645554917,-0.31915281418451386,0.5879300712239779,4.023512826086563,911.6329256900888,1.278317930210565e-06,-6.2221248851077e-09
15.90647896237652,0.21273350987752299,-0.31915277857546137,0.5879300709116643,4.023512825714871,912.0352769726602,1.218453318117206e-06,-5.968017313960267e-09
15.95647896237652,0.21273356079770747,-0.31915274463400634,0.5879300706121053,4.023512825358583,912.437628255196,1.1613915419928689e-06,-5.724285937945255e-09
16.00647896237652,0.2127336093332352,-0.31915271228207265,0.5879300703247803,4.023512825017052,912.8399795376978,1.1070013995185845e-06,-5.490508620581598e-09
16.05647896237652,0.2127336555957558,-0.31915268144523895,0.5879300700491895,4.023512824689654,913.2423308201668,1.0551578325220054e-06,-5.266281654126828e-09
16.10647896237652,0.21273369969169253,-0.31915265205256754,0.5879300697848535,4.023512824375796,913.6446821026044,1.0057416326234184e-06,-5.0512083018710125e-09
16.15647896237652,0.2127337417224869,-0.31915262403644135,0.587930069531313,4.02351282407491,914.0470333850119,9.586391732824714e-07,-4.844920572469767e-09
16.206478962376522,0.2127337817848319,-0.3191525973324085,0.5879300692881269,4.023512823786452,914.4493846673905,9.137421451258832e-07,-4.647058783737971e-09
16.256478962376523,0.21273381997089413,-0.31915257187903434,0.5879300690548722,4.0235128235099,914.8517359497415,8.709473074596945e-07,-4.457271522448819e-09
16.306478962376524,0.21273385636852576,-0.31915254761775985,0.5879300688311437,4.023512823244759,915.254087232066,8.301562505811182e-07,-4.275237798192371e-09
16.356478962376524,0.21273389106146628,-0.31915252449276754,0.5879300686165523,4.02351282299055,915.656438514365,7.912751734592582e-07,-4.100639432711491e-09
16.406478962376525,0.21273392412953523,-0.3191525024508527,0.5879300684107246,4.0235128227468175,916.0587897966398,7.542146636278068e-07,-3.933173751535606e-09
16.456478962376526,0.21273395564881548,-0.3191524814413014,0.5879300682133027,4.023512822513128,916.461141078891,7.188894927675816e-07,-3.772545297976594e-09
16.506478962376526,0.2127339856918282,-0.31915246141577386,0.5879300680239434,4.023512822289059,916.8634923611199,6.852184237481929e-07,-3.6184792426316615e-09
16.556478962376527,0.21273401432769953,-0.3191524423281931,0.5879300678423174,4.023512822074212,917.2658436433273,6.53124020012153e-07,-3.4707008734501728e-09
16.606478962376528,0.21273404162231957,-0.3191524241346394,0.5879300676681088,4.023512821868204,917.6681949255142,6.225324688279258e-07,-3.328957495351343e-09
16.65647896237653,0.21273406763849367,-0.319152406793249,0.587930067501015,4.023512821670668,918.0705462076812,5.933734160465502e-07,-3.1930079921241095e-09
16.70647896237653,0.21273409243608707,-0.3191523902641181,0.587930067340745,4.023512821481253,918.4728974898294,5.655797957391631e-07,-3.062607241676206e-09
16.75647896237653,0.21273411607216222,-0.319152374509211,0.5879300671870205,4.023512821299622,918.8752487719594,5.390876839204783e-07,-2.937531432999297e-09
16.80647896237653,0.21273413860111018,-0.3191523594922727,0.5879300670395738,4.023512821125452,919.277600054072,5.138361482891275e-07,-2.8175634697044247e-09
16.85647896237653,0.2127341600747756,-0.3191523451787456,0.587930066898149,4.023512820958437,919.6799513361678,4.897671092491581e-07,-2.702494335638053e-09
16.906478962376532,0.21273418054257595,-0.3191523315356898,0.5879300667624998,4.023512820798278,920.0823026182477,4.6682520402591135e-07,-2.592127426233907e-09
16.956478962376533,0.212734200051615,-0.3191523185317077,0.5879300666323904,4.0235128206446955,920.4846539003122,4.4495766225568793e-07,-2.4862681593322833e-09
17.006478962376534,0.21273421864679126,-0.3191523061368718,0.5879300665075946,4.023512820497413,920.8870051823619,4.24114183865194e-07,-2.3847228477954906e-09
17.056478962376534,0.21273423637090116,-0.3191522943226555,0.5879300663878957,4.023512820356173,921.2893564643975,4.0424682328680514e-07,-2.2873388518975053e-09
17.106478962376535,0.2127342532647374,-0.319152283061868,0.587930066273085,4.023512820220727,921.6917077464196,3.8530987845282406e-07,-2.1939245035858916e-09
17.156478962376536,0.21273426936718282,-0.31915227232859145,0.5879300661629631,4.023512820090832,922.0940590284288,3.6725978814882913e-07,-2.104319233519556e-09
17.206478962376536,0.21273428471529976,-0.31915226209812153,0.5879300660573388,4.023512819966266,922.4964103104254,3.5005502883763963e-07,-2.0183849285451064e-09
17.256478962376537,0.21273429934441526,-0.3191522523469106,0.5879300659560279,4.023512819846806,922.8987615924101,3.3365602079642913e-07,-1.935955709970588e-09
17.306478962376538,0.21273431328820233,-0.31915224305251344,0.5879300658588544,4.023512819732238,923.3011128743833,3.180250383553349e-07,-1.8568897791061627e-09
17.35647896237654,0.21273432657875738,-0.3191522341935359,0.5879300657656497,4.0235128196223675,923.7034641563455,3.031261195291837e-07,-1.7810586656214531e-09
17.40647896237654,0.21273433924667393,-0.31915222574958546,0.5879300656762512,4.023512819516997,924.1058154382972,2.8892498938630104e-07,-1.7083203031010855e-09
17.45647896237654,0.2127343513211131,-0.3191522177012244,0.5879300655905036,4.023512819415943,924.5081667202388,2.7538897345784827e-07,-1.6385545269594615e-09
17.50647896237654,0.21273436282987057,-0.3191522100299252,0.587930065508258,4.023512819319027,924.9105180021708,2.6248692913615747e-07,-1.571639111173367e-09
17.55647896237654,0.21273437379944055,-0.3191522027180279,0.5879300654293711,4.023512819226078,925.3128692840934,2.5018917241937216e-07,-1.5074544023557952e-09
17.606478962376542,0.21273438425507665,-0.3191521957486993,0.5879300653537058,4.023512819136937,925.715220566007,2.3846740544324244e-07,-1.4458888312461927e-09
17.656478962376543,0.21273439422085,-0.31915218910589455,0.5879300652811308,4.023512819051443,926.1175718479121,2.272946609330534e-07,-1.3868424352420983e-09
17.706478962376544,0.21273440371970467,-0.31915218277432,0.5879300652115196,4.02351281896945,926.5199231298091,2.1664522743004347e-07,-1.3302005132618927e-09
17.756478962376544,0.21273441277351027,-0.3191521767393982,0.5879300651447514,4.023512818890813,926.9222744116981,2.0649460204981674e-07,-1.2758785901132332e-09
17.806478962376545,0.21273442140311238,-0.3191521709872343,0.58793006508071,4.023512818815393,927.3246256935797,1.968194271473488e-07,-1.2237691569490094e-09
17.856478962376546,0.2127344296283805,-0.31915216550458403,0.587930065019284,4.023512818743059,927.726976975454,1.8759743733686946e-07,-1.1737911210954084e-09
17.906478962376546,0.21273443746825355,-0.31915216027882337,0.5879300649603667,4.023512818673684,928.1293282573214,1.7880741262272108e-07,-1.1258550463968208e-09
17.956478962376547,0.21273444494078375,-0.3191521552979195,0.5879300649038555,4.0235128186071485,928.531679539182,1.704291246970012e-07,-1.079874690772898e-09
18.006478962376548,0.21273445206317793,-0.31915215055040297,0.5879300648496522,4.023512818543334,928.9340308210363,1.6244329091637801e-07,-1.0357733076598954e-09
18.05647896237655,0.21273445885183703,-0.3191521460253415,0.5879300647976625,4.0235128184821285,929.3363821028846,1.5483153502489263e-07,-9.93474773880194e-10
18.10647896237655,0.21273446532239412,-0.3191521417123147,0.587930064747796,4.023512818423427,929.738733384727,1.47576338190593e-07,-9.52897662044906e-10
18.15647896237655,0.21273447148975008,-0.3191521376013903,0.5879300646999661,4.023512818367126,930.1410846665636,1.4066100126443974e-07,-9.139907969041185e-10
18.20647896237655,0.21273447736810794,-0.3191521336831009,0.5879300646540893,4.023512818313128,930.543435948395,1.34069610508255e-07,-8.766580048354259e-10
18.25647896237655,0.21273448297100567,-0.3191521299484228,0.5879300646100862,4.023512818261338,930.9457872302211,1.2778699305679174e-07,-8.408559579261501e-10
18.306478962376552,0.2127344883113472,-0.3191521263887546,0.5879300645678803,4.023512818211666,931.3481385120423,1.217986904083914e-07,-8.065137393820576e-10
18.356478962376553,0.21273449340143216,-0.31915212299589796,0.5879300645273982,4.023512818164023,931.7504897938587,1.1609091761770363e-07,-7.735765033096346e-10
18.406478962376553,0.21273449825298416,-0.3191521197620383,0.5879300644885692,4.023512818118329,932.1528410756706,1.1065053741866819e-07,-7.419849301006485e-10
18.456478962376554,0.2127345028771777,-0.31915211667972704,0.587930064451326,4.023512818074502,932.5551923574781,1.0546502564792342e-07,-7.116872662132614e-10
18.506478962376555,0.21273450728466403,-0.3191521137418646,0.5879300644156036,4.023512818032466,932.9575436392813,1.0052244753671564e-07,-6.826175454870261e-10
18.556478962376556,0.21273451148559552,-0.3191521109416837,0.5879300643813402,4.02351281799215,933.3598949210806,9.581142347770948e-08,-6.547397832077505e-10
18.606478962376556,0.212734515489649,-0.31915210827273427,0.5879300643484762,4.023512817953482,933.762246202876,9.132111000568083e-08,-6.28002814324358e-10
18.656478962376557,0.21273451930604817,-0.31915210572886804,0.5879300643169542,4.0235128179163935,934.1645974846676,8.704116851533833e-08,-6.0235813026607e-10
18.706478962376558,0.21273452294358464,-0.31915210330422483,0.5879300642867193,4.023512817880823,934.5669487664558,8.296174671430342e-08,-5.777564506513499e-10
18.75647896237656,0.2127345264106383,-0.31915210099321895,0.5879300642577194,4.023512817846703,934.9693000482405,7.907345379644816e-08,-5.541614278274712e-10
18.80647896237656,0.21273452971519663,-0.3191520987905263,0.5879300642299038,4.023512817813977,935.3716513300219,7.536733489879973e-08,-5.315331481403114e-10
18.85647896237656,0.21273453286487282,-0.3191520966910722,0.587930064203224,4.023512817782592,935.7740026118001,7.183486072706073e-08,-5.098189510557659e-10
18.90647896237656,0.2127345358669236,-0.31915209469001954,0.5879300641776342,4.023512817752487,936.1763538935754,6.846789538817789e-08,-4.890030892372672e-10
18.95647896237656,0.21273453872826575,-0.3191520927827579,0.5879300641530891,4.0235128177236135,936.5787051753477,6.52586877785866e-08,-4.690306874778593e-10
19.006478962376562,0.21273454145549212,-0.3191520909648927,0.5879300641295466,4.0235128176959165,936.9810564571173,6.219984787794777e-08,-4.4987696713024255e-10
19.056478962376563,0.2127345440548867,-0.31915208923223537,0.5879300641069655,4.0235128176693555,937.3834077388843,5.928433311190151e-08,-4.315020535801376e-10
19.106478962376563,0.21273454653243917,-0.31915208758079333,0.5879300640853066,4.023512817643879,937.7857590206487,5.650542869539114e-08,-4.1387475419892213e-10
19.156478962376564,0.2127345488938586,-0.31915208600676115,0.5879300640645325,4.0235128176194435,938.1881103024107,5.3856736540068166e-08,-3.9697557822750566e-10
19.206478962376565,0.21273455114458667,-0.31915208450651156,0.5879300640446067,4.023512817596004,938.5904615841703,5.1332157235330674e-08,-3.8076042456648355e-10
19.256478962376566,0.21273455328981017,-0.3191520830765873,0.5879300640254947,4.023512817573524,938.9928128659276,4.892587639078846e-08,-3.652134553512232e-10
19.306478962376566,0.21273455533447289,-0.3191520817136931,0.5879300640071632,4.023512817551961,939.3951641476827,4.6632352587985625e-08,-3.503012893314272e-10
19.356478962376567,0.21273455728328705,-0.31915208041468784,0.5879300639895801,4.02351281753128,939.7975154294359,4.444630396270685e-08,-3.3599656488842334e-10
19.406478962376568,0.21273455914074416,-0.31915207917657773,0.5879300639727151,4.023512817511446,940.199866711187,4.236269487031759e-08,-3.222740847372184e-10
19.45647896237657,0.21273456091112522,-0.3191520779965092,0.5879300639565388,4.023512817492419,940.6022179929363,4.037672787361409e-08,-3.0910798237183264e-10
19.50647896237657,0.2127345625985108,-0.3191520768717623,0.5879300639410234,4.023512817474173,941.0045692746837,3.8483828505375426e-08,-2.9648852050985903e-10
19.55647896237657,0.2127345642067903,-0.3191520757997445,0.5879300639261414,4.023512817456669,941.4069205564294,3.667963519233904e-08,-2.843775753133951e-10
19.60647896237657,0.21273456573967078,-0.31915207477798474,0.5879300639118674,4.02351281743988,941.8092718381735,3.495999496389243e-08,-2.727608520166241e-10
19.65647896237657,0.21273456720068584,-0.3191520738041278,0.5879300638981765,4.023512817423779,942.2116231199159,3.3320944122523296e-08,-2.6162466485662605e-10
19.706478962376572,0.21273456859320336,-0.31915207287592867,0.5879300638850445,4.023512817408334,942.6139744016567,3.175870946153175e-08,-2.5094085847469825e-10
19.756478962376573,0.21273456992043355,-0.3191520719912476,0.5879300638724488,4.023512817393521,943.0163256833961,3.026968931910321e-08,-2.406906667238929e-10
19.806478962376573,0.21273457118543612,-0.3191520711480451,0.5879300638603676,4.023512817379313,943.418676965134,2.885045617795558e-08,-2.3085987942299926e-10
19.856478962376574,0.21273457239112753,-0.31915207034437715,0.5879300638487798,4.023512817365684,943.8210282468705,2.7497739532854675e-08,-2.214350107972009e-10
19.906478962376575,0.21273457354028757,-0.3191520695783909,0.5879300638376651,4.023512817352613,944.2233795286057,2.6208422139777222e-08,-2.1238696537556931e-10
19.956478962376575,0.21273457463556575,-0.31915206884832015,0.5879300638270045,4.023512817340076,944.6257308103397,2.4979534943419155e-08,-2.0371610786309876e-10
20.006478962376576,0.2127345756794875,-0.3191520681524817,0.5879300638167791,4.023512817328051,945.0280820920725,2.3808245795385275e-08,-1.9539962280006167e-10
20.056478962376577,0.2127345766744599,-0.319152067489271,0.5879300638069712,4.023512817316516,945.4304333738041,2.269185561408339e-08,-1.874186901999522e-10
20.106478962376578,0.21273457762277725,-0.3191520668571588,0.587930063797564,4.023512817305453,945.8327846555346,2.162779309712164e-08,-1.797657060463678e-10
20.15647896237658,0.21273457852662636,-0.31915206625468745,0.5879300637885408,4.023512817294842,946.2351359372641,2.0613605973021655e-08,-1.7242060708661732e-10
20.20647896237658,0.21273457938809157,-0.31915206568046756,0.5879300637798863,4.023512817284664,946.6374872189925,1.9646957131858158e-08,-1.653790717279573e-10
20.25647896237658,0.21273458020915953,-0.31915206513317496,0.5879300637715853,4.023512817274902,947.0398385007201,1.8725620058883867e-08,-1.586321559466285e-10
20.30647896237658,0.21273458099172388,-0.3191520646115474,0.5879300637636229,4.02351281726554,947.4421897824466,1.7847469512055866e-08,-1.5215086734113727e-10
20.35647896237658,0.2127345817375894,-0.31915206411438185,0.5879300637559858,4.023512817256557,947.8445410641722,1.7010483527690058e-08,-1.4593441236273681e-10
20.406478962376582,0.21273458244847646,-0.31915206364053167,0.5879300637486607,4.023512817247943,948.246892345897,1.6212733643671383e-08,-1.399735959214345e-10
20.456478962376583,0.2127345831260247,-0.3191520631889038,0.5879300637416349,4.023512817239682,948.649243627621,1.5452378670640936e-08,-1.3425806709299796e-10
20.506478962376583,0.2127345837717969,-0.31915206275845664,0.587930063734896,4.023512817231757,949.0515949093442,1.4727669475626692e-08,-1.2877394205401213e-10
20.556478962376584,0.21273458438728277,-0.3191520623481972,0.5879300637284323,4.023512817224156,949.4539461910666,1.4036933794514567e-08,-1.2351616774379183e-10
20.606478962376585,0.21273458497390207,-0.31915206195717916,0.5879300637222324,4.023512817216866,949.8562974727884,1.3378579870396885e-08,-1.1846628816116744e-10
20.656478962376585,0.21273458553300809,-0.3191520615845004,0.5879300637162861,4.0235128172098715,950.2586487545093,1.2751090418543919e-08,-1.1362909447541256e-10
20.706478962376586,0.21273458606589066,-0.3191520612293012,0.5879300637105825,4.023512817203166,950.6610000362297,1.215301880042671e-08,-1.0899396837144055e-10
20.756478962376587,0.2127345865737792,-0.31915206089076203,0.5879300637051117,4.023512817196732,951.0633513179494,1.1582986327710523e-08,-1.0454375433265489e-10
20.806478962376588,0.21273458705784545,-0.3191520605681019,0.5879300636998642,4.023512817190562,951.4657025996684,1.1039678278406804e-08,-1.0027233712224521e-10
20.85647896237659,0.21273458751920632,-0.31915206026057635,0.5879300636948311,4.023512817184643,951.8680538813868,1.0521844600542847e-08,-9.617740377615066e-11
20.90647896237659,0.21273458795892636,-0.31915205996747575,0.5879300636900036,4.0235128171789665,952.2704051631047,1.0028288879652632e-08,-9.224639758278982e-11
20.95647896237659,0.21273458837802017,-0.31915205968812377,0.5879300636853734,4.023512817173522,952.672756444822,9.557875076967704e-09,-8.848172196784224e-11
21.00647896237659,0.21273458877745488,-0.3191520594218758,0.5879300636809321,4.0235128171682994,953.0751077265388,9.10951670374227e-09,-8.486921242932117e-11
21.05647896237659,0.21273458915815222,-0.31915205916811745,0.5879300636766722,4.02351281716329,953.4774590082551,8.68218137731154e-09,-8.140225060453601e-11
21.106478962376592,0.21273458952099075,-0.31915205892626314,0.5879300636725863,4.023512817158486,953.8798102899709,8.274883371682677e-09,-7.807931668442039e-11
21.156478962376593,0.21273458986680785,-0.31915205869575464,0.5879300636686672,4.023512817153876,954.2821615716863,7.886684048887084e-09,-7.488948225098367e-11
21.206478962376593,0.21273459019640167,-0.31915205847605993,0.5879300636649082,4.023512817149457,954.6845128534012,7.51668764771504e-09,-7.183089471835182e-11
21.256478962376594,0.21273459051053295,-0.319152058266672,0.5879300636613027,4.0235128171452175,955.0868641351158,7.164040469845725e-09,-6.890065115534793e-11
21.306478962376595,0.21273459080992674,-0.3191520580671075,0.5879300636578444,4.0235128171411505,955.4892154168299,6.827931117558315e-09,-6.608413288283343e-11
21.356478962376595,0.21273459109527412,-0.3191520578769058,0.5879300636545274,4.0235128171372505,955.8915666985437,6.507581632969323e-09,-6.338715554326417e-11
21.406478962376596,0.21273459136723377,-0.3191520576956279,0.5879300636513457,4.023512817133509,956.293917980257,6.202256065248276e-09,-6.07990181337481e-11
21.456478962376597,0.21273459162643352,-0.3191520575228552,0.5879300636482939,4.02351281712992,956.69626926197,5.911249310845963e-09,-5.831318136796888e-11
21.506478962376598,0.21273459187347177,-0.3191520573581889,0.5879300636453669,4.023512817126479,957.0986205436826,5.63388877389312e-09,-5.593139793544898e-11
21.556478962376598,0.21273459210891882,-0.3191520572012489,0.5879300636425595,4.023512817123177,957.5009718253949,5.3695361806973645e-09,-5.365083015322697e-11
21.6064789623766,0.21273459233331826,-0.31915205705167277,0.5879300636398666,4.023512817120011,957.9033231071069,5.117581434480264e-09,-5.145877234464334e-11
21.6564789623766,0.21273459254718824,-0.3191520569091152,0.5879300636372836,4.023512817116973,958.3056743888186,4.877442794964808e-09,-4.93550864574315e-11
21.7064789623766,0.21273459275102255,-0.319152056773247,0.5879300636348063,4.02351281711406,958.70802567053,4.648567723958902e-09,-4.7334078533907276e-11
21.7564789623766,0.21273459294529193,-0.3191520566437544,0.5879300636324304,4.023512817111264,959.1103769522412,4.430426792924818e-09,-4.5404552745184697e-11
21.8064789623766,0.21273459313044493,-0.31915205652033846,0.5879300636301513,4.0235128171085845,959.512728233952,4.2225171415214235e-09,-4.354978490609089e-11
21.856478962376602,0.21273459330690916,-0.3191520564027141,0.5879300636279654,4.023512817106014,959.9150795156626,4.024359112023985e-09,-4.1775677602411816e-11
21.906478962376603,0.21273459347509216,-0.3191520562906097,0.5879300636258685,4.023512817103549,960.3174307973729,3.835496525373031e-09,-4.0067275261972424e-11
21.956478962376604,0.21273459363538236,-0.3191520561837664,0.5879300636238574,4.023512817101184,960.7197820790831,3.655492083138793e-09,-3.843061364094715e-11
22.006478962376605,0.21273459378814996,-0.31915205608193736,0.5879300636219283,4.023512817098916,961.122133360793,3.4839313496607447e-09,-3.686465411225168e-11
22.056478962376605,0.21273459393374786,-0.3191520559848874,0.5879300636200779,4.023512817096742,961.5244846425027,3.3204175332846506e-09,-3.5352998103878516e-11
22.106478962376606,0.2127345940725123,-0.31915205589239226,0.5879300636183034,4.0235128170946535,961.9268359242121,3.1645742131178847e-09,-3.3911183649551266e-11
22.156478962376607,0.21273459420476387,-0.3191520558042384,0.5879300636166013,4.0235128170926515,962.3291872059214,3.0160420939404046e-09,-3.2523658973299495e-11
22.206478962376607,0.21273459433080813,-0.3191520557202221,0.5879300636149688,4.023512817090732,962.7315384876305,2.87447663927539e-09,-3.119855903987489e-11
22.256478962376608,0.2127345944509362,-0.3191520556401493,0.5879300636134028,4.023512817088891,963.1338897693394,2.739553135689368e-09,-2.9925408631207126e-11
22.30647896237661,0.21273459456542565,-0.319152055563835,0.5879300636119008,4.023512817087124,963.536241051048,2.6109592578527283e-09,-2.870101990871509e-11
22.35647896237661,0.212734594674541,-0.31915205549110287,0.5879300636104602,4.023512817085431,963.9385923327566,2.4883975156766275e-09,-2.7529585530979627e-11
22.40647896237661,0.21273459477853437,-0.3191520554217849,0.5879300636090784,4.023512817083806,964.340943614465,2.3715866088734603e-09,-2.640367201128348e-11
22.45647896237661,0.21273459487764607,-0.3191520553557208,0.5879300636077531,4.023512817082247,964.7432948961732,2.2602564117471896e-09,-2.533170249851792e-11
22.50647896237661,0.21273459497210515,-0.319152055292758,0.5879300636064817,4.023512817080753,965.1456461778813,2.154148498882361e-09,-2.4291675284275974e-11
22.556478962376612,0.21273459506212986,-0.3191520552327509,0.5879300636052623,4.023512817079319,965.5479974595893,2.0530191197426528e-09,-2.3302743164400198e-11
22.606478962376613,0.21273459514792822,-0.319152055175561,0.5879300636040927,4.023512817077943,965.950348741297,1.956635543149359e-09,-2.2346758000175904e-11
22.656478962376614,0.21273459522969862,-0.319152055121056,0.5879300636029711,4.023512817076624,966.3527000230047,1.864774873678798e-09,-2.143552750095299e-11
22.706478962376615,0.21273459530763003,-0.3191520550691099,0.5879300636018951,4.02351281707536,966.7550513047122,1.7772223546225813e-09,-2.0562323500359363e-11
22.756478962376615,0.21273459538190254,-0.31915205501960264,0.5879300636008631,4.023512817074145,967.1574025864196,1.693779821796028e-09,-1.972268052664007e-11
22.806478962376616,0.21273459545268786,-0.31915205497241983,0.5879300635998731,4.023512817072982,967.5597538681269,1.614251506860596e-09,-1.8917171783942948e-11
22.856478962376617,0.21273459552014962,-0.3191520549274524,0.5879300635989235,4.0235128170718655,967.9621051498341,1.5384560579680752e-09,-1.8143782871946594e-11
22.906478962376617,0.21273459558444377,-0.31915205488459636,0.5879300635980128,4.023512817070794,968.3644564315412,1.4662172610567054e-09,-1.7402133695391402e-11
22.956478962376618,0.21273459564571898,-0.31915205484375264,0.5879300635971393,4.023512817069767,968.7668077132481,1.3973684793864892e-09,-1.669169583080363e-11
23.00647896237662,0.2127345957041169,-0.3191520548048268,0.5879300635963015,4.023512817068782,969.169158994955,1.331750483647435e-09,-1.600991695715564e-11
23.05647896237662,0.21273459575977258,-0.31915205476772884,0.5879300635954979,4.023512817067838,969.5715102766617,1.2692122362578395e-09,-1.535958839105438e-11
23.10647896237662,0.2127345958128147,-0.31915205473237296,0.587930063594727,4.023512817066931,969.9738615583684,1.20960871722861e-09,-1.472974577957985e-11
23.15647896237662,0.21273459586336593,-0.31915205469867747,0.5879300635939876,4.023512817066061,970.376212840075,1.1528024269090865e-09,-1.4127680027740514e-11
23.20647896237662,0.21273459591154315,-0.3191520546665644,0.5879300635932785,4.023512817065227,970.7785641217815,1.0986634992494232e-09,-1.355273726038174e-11
23.256478962376622,0.2127345959574578,-0.3191520546359594,0.5879300635925983,4.023512817064428,971.1809154034879,1.0470633263151185e-09,-1.2995431234475458e-11
23.306478962376623,0.21273459600121605,-0.31915205460679186,0.587930063591946,4.0235128170636605,971.5832666851943,9.97886447398625e-10,-1.2465105010121256e-11
23.356478962376624,0.21273459604291914,-0.31915205457899415,0.5879300635913203,4.023512817062925,971.9856179669006,9.510180661937373e-10,-1.1961746955012563e-11
23.406478962376625,0.2127345960826635,-0.31915205455250206,0.5879300635907199,4.023512817062219,972.3879692486069,9.063491802220279e-10,-1.1469212702372583e-11
23.456478962376625,0.21273459612054113,-0.3191520545272543,0.5879300635901442,4.023512817061542,972.790320530313,8.637770851140238e-10,-1.1000117545924049e-11
23.506478962376626,0.21273459615663962,-0.31915205450319245,0.5879300635895921,4.023512817060893,973.1926718120191,8.232033007681452e-10,-1.055005180053911e-11
23.556478962376627,0.21273459619104246,-0.31915205448026085,0.5879300635890625,4.023512817060272,973.5950230937251,7.845339119214121e-10,-1.0119080902438983e-11
23.606478962376627,0.21273459622382926,-0.31915205445840644,0.5879300635885546,4.023512817059675,973.997374375431,7.476804330288366e-10,-9.706978741058078e-12
23.656478962376628,0.2127345962550759,-0.3191520544375786,0.5879300635880673,4.0235128170591015,974.399725657137,7.125571239729192e-10,-9.310273925211849e-12
23.70647896237663,0.2127345962848547,-0.3191520544177292,0.5879300635876,4.023512817058552,974.8020769388428,6.790821279773572e-10,-8.930014767222862e-12
23.75647896237663,0.21273459631323452,-0.3191520543988123,0.5879300635871518,4.023512817058025,975.2044282205486,6.471787367410536e-10,-8.565736649561827e-12
23.80647896237663,0.21273459634028105,-0.3191520543807841,0.5879300635867218,4.02351281705752,975.6067795022543,6.167738288392792e-10,-8.215930005024178e-12
23.85647896237663,0.21273459636605693,-0.3191520543636029,0.5879300635863095,4.023512817057035,976.00913078396,5.87795988613966e-10,-7.879591128579303e-12
23.90647896237663,0.21273459639062178,-0.3191520543472289,0.587930063585914,4.023512817056569,976.4114820656657,5.601780694086635e-10,-7.561339251468158e-12
23.956478962376632,0.21273459641403245,-0.3191520543316242,0.5879300635855346,4.023512817056122,976.8138333473713,5.338578850433598e-10,-7.2499846135184916e-12
24.006478962376633,0.21273459643634315,-0.3191520543167527,0.5879300635851706,4.0235128170556935,977.2161846290769,5.08773232206682e-10,-6.951469089140651e-12
24.056478962376634,0.21273459645760553,-0.31915205430258,0.5879300635848217,4.023512817055283,977.6185359107824,4.848664162244989e-10,-6.669543983999423e-12
24.106478962376634,0.21273459647786883,-0.31915205428907323,0.587930063584487,4.023512817054889,978.0208871924879,4.6208205954334744e-10,-6.3977410331910655e-12
24.156478962376635,0.21273459649717993,-0.3191520542762012,0.5879300635841659,4.023512817054512,978.4232384741933,4.403676044946052e-10,-6.140148247410952e-12
24.206478962376636,0.21273459651558357,-0.31915205426393406,0.5879300635838577,4.02351281705415,978.8255897558987,4.1967328950442264e-10,-5.8832164306973975e-12
24.256478962376637,0.21273459653312235,-0.31915205425224336,0.5879300635835624,4.023512817053803,979.2279410376041,3.9995034327970823e-10,-5.645969840040949e-12
24.306478962376637,0.2127345965498369,-0.3191520542411021,0.587930063583279,4.0235128170534695,979.6302923193094,3.8115384390755527e-10,-5.414579252395645e-12
24.356478962376638,0.2127345965657659,-0.3191520542304844,0.5879300635830073,4.02351281705315,980.0326436010148,3.6324025758100884e-10,-5.192524527121436e-12
24.40647896237664,0.21273459658094626,-0.3191520542203658,0.5879300635827466,4.023512817052843,980.43499488272,3.4616783605412503e-10,-4.981821557078543e-12
24.45647896237664,0.21273459659541316,-0.31915205421072274,0.5879300635824966,4.023512817052549,980.8373461644253,3.2989722465872897e-10,-4.780250925274843e-12
24.50647896237664,0.21273459660920008,-0.3191520542015329,0.5879300635822566,4.023512817052269,981.2396974461305,3.143905554801748e-10,-4.58206367818243e-12
24.55647896237664,0.21273459662233896,-0.31915205419277504,0.5879300635820266,4.023512817051999,981.6420487278358,2.9961195709343757e-10,-4.397510278107056e-12
24.60647896237664,0.21273459663486022,-0.3191520541844288,0.5879300635818059,4.023512817051738,982.0444000095409,2.8552833985560714e-10,-4.214535510628389e-12
24.656478962376642,0.2127345966467929,-0.31915205417647496,0.5879300635815943,4.023512817051488,982.4467512912461,2.721056619222905e-10,-4.044310941189432e-12
24.706478962376643,0.21273459665816463,-0.319152054168895,0.5879300635813913,4.023512817051252,982.8491025729512,2.593137278148154e-10,-3.87845732487735e-12
24.756478962376644,0.21273459666900177,-0.3191520541616714,0.5879300635811966,4.023512817051023,983.2514538546563,2.4712349322878543e-10,-3.721483008368609e-12
24.806478962376644,0.21273459667932945,-0.31915205415478737,0.5879300635810099,4.023512817050803,983.6538051363615,2.3550499523516955e-10,-3.5689549811440343e-12
24.856478962376645,0.21273459668917158,-0.319152054148227,0.5879300635808307,4.023512817050593,984.0561564180665,2.2443232982913758e-10,-3.421103017026334e-12
24.906478962376646,0.21273459669855097,-0.31915205414197506,0.5879300635806589,4.023512817050391,984.4585076997715,2.1388019713262556e-10,-3.2832255807827403e-12
24.956478962376647,0.21273459670748937,-0.31915205413601705,0.5879300635804942,4.0235128170501975,984.8608589814766,2.0382361871181503e-10,-3.1511207402498275e-12
25.006478962376647,0.2127345967160075,-0.3191520541303392,0.587930063580336,4.023512817050012,985.2632102631816,1.9424011614875862e-10,-3.0245119687285625e-12
25.056478962376648,0.21273459672412512,-0.3191520541249283,0.5879300635801842,4.023512817049833,985.6655615448866,1.8510544295785353e-10,-2.9002259591099818e-12
25.10647896237665,0.212734596731861,-0.3191520541197719,0.5879300635800386,4.023512817049662,986.0679128265915,1.7640090512822538e-10,-2.7788299186946754e-12
25.15647896237665,0.21273459673923306,-0.3191520541148579,0.5879300635798992,4.023512817049498,986.4702641082964,1.6810539437219666e-10,-2.6625326360914062e-12
25.20647896237665,0.21273459674625847,-0.31915205411017505,0.5879300635797655,4.02351281704934,986.8726153900013,1.6019927925742743e-10,-2.557023487716194e-12
25.25647896237665,0.21273459675295348,-0.3191520541057124,0.5879300635796372,4.023512817049189,987.2749666717062,1.5266562658795605e-10,-2.4558862194312693e-12
25.30647896237665,0.21273459675933362,-0.31915205410145964,0.5879300635795139,4.023512817049044,987.6773179534111,1.4548554986806943e-10,-2.3551843590410806e-12
25.356478962376652,0.2127345967654137,-0.3191520540974069,0.5879300635793957,4.023512817048905,988.0796692351161,1.3864220009160017e-10,-2.2591842458731532e-12
25.406478962376653,0.2127345967712078,-0.31915205409354475,0.5879300635792823,4.02351281704877,988.482020516821,1.3212076292235942e-10,-2.1645295770060544e-12
25.456478962376654,0.21273459677672935,-0.3191520540898643,0.5879300635791737,4.023512817048644,988.8843717985259,1.2590608029326998e-10,-2.079426664348109e-12
25.506478962376654,0.21273459678199116,-0.31915205408635694,0.5879300635790693,4.02351281704852,989.2867230802307,1.1998381876858875e-10,-1.990436305182933e-12
25.556478962376655,0.2127345967870055,-0.31915205408301456,0.5879300635789694,4.023512817048402,989.6890743619355,1.1433972321564528e-10,-1.9098764124711297e-12
25.606478962376656,0.21273459679178394,-0.31915205407982944,0.5879300635788736,4.023512817048289,990.0914256436403,1.0896038139129805e-10,-1.8361010383340327e-12
25.656478962376656,0.21273459679633758,-0.31915205407679414,0.5879300635787814,4.02351281704818,990.4937769253451,1.0383430315639514e-10,-1.7530234978642576e-12
25.706478962376657,0.212734596800677,-0.3191520540739017,0.5879300635786934,4.023512817048077,990.8961282070499,9.894937484662131e-11,-1.6830336748241676e-12
25.756478962376658,0.21273459680481227,-0.3191520540711453,0.5879300635786089,4.023512817047978,991.2984794887547,9.429409974279379e-11,-1.6148175241556485e-12
25.80647896237666,0.21273459680875298,-0.31915205406851854,0.5879300635785278,4.023512817047885,991.7008307704594,8.985693811335661e-11,-1.5485982572587077e-12
25.85647896237666,0.21273459681250825,-0.31915205406601543,0.5879300635784501,4.023512817047793,992.1031820521642,8.562876095361231e-11,-1.487979141683552e-12
25.90647896237666,0.21273459681608684,-0.31915205406363006,0.5879300635783754,4.0235128170477035,992.505533333869,8.15998533289032e-11,-1.4281726803650126e-12
25.95647896237666,0.21273459681949702,-0.31915205406135694,0.5879300635783037,4.023512817047619,992.9078846155738,7.775970879978611e-11,-1.3685841369125672e-12
26.00647896237666,0.21273459682274673,-0.3191520540591908,0.587930063578235,4.023512817047538,993.3102358972786,7.409975149931286e-11,-1.31188532283173e-12
26.056478962376662,0.2127345968258435,-0.3191520540571266,0.5879300635781691,4.023512817047461,993.7125871789834,7.061302406217975e-11,-1.2589558211391692e-12
26.106478962376663,0.21273459682879456,-0.31915205405515956,0.587930063578106,4.023512817047386,994.1149384606881,6.728945754595364e-11,-1.2066497160778897e-12
26.156478962376664,0.2127345968316067,-0.3191520540532851,0.5879300635780453,4.023512817047315,994.5172897423928,6.412255322492585e-11,-1.160800483445463e-12
26.206478962376664,0.2127345968342865,-0.3191520540514989,0.587930063577987,4.023512817047247,994.9196410240975,6.11043636274115e-11,-1.1117436641856474e-12
26.256478962376665,0.21273459683684015,-0.3191520540497967,0.5879300635779312,4.023512817047181,995.3219923058022,5.822828665497567e-11,-1.0663528642294295e-12
26.306478962376666,0.21273459683927362,-0.31915205404817465,0.5879300635778777,4.023512817047118,995.7243435875068,5.5487239560087834e-11,-1.0211998071453675e-12
26.356478962376666,0.21273459684159254,-0.31915205404662894,0.5879300635778264,4.023512817047058,996.1266948692115,5.287436977869689e-11,-9.788006999784794e-13
26.406478962376667,0.21273459684380228,-0.319152054045156,0.5879300635777772,4.023512817047,996.5290461509162,5.0386113104119284e-11,-9.394306271567968e-13
26.456478962376668,0.212734596845908,-0.3191520540437524,0.58793006357773,4.023512817046945,996.9313974326209,4.8013850888917487e-11,-9.010856538704162e-13
26.50647896237667,0.2127345968479146,-0.31915205404241487,0.5879300635776848,4.023512817046892,997.3337487143256,4.575332612279374e-11,-8.65852617432444e-13
26.55647896237667,0.2127345968498267,-0.31915205404114033,0.5879300635776414,4.02351281704684,997.7360999960302,4.359928072464178e-11,-8.286878846601527e-13
26.60647896237667,0.2127345968516488,-0.3191520540399258,0.5879300635775998,4.023512817046791,998.1384512777349,4.154608887923051e-11,-7.999182579398202e-13
26.65647896237667,0.21273459685338508,-0.31915205403876845,0.5879300635775597,4.023512817046744,998.5408025594396,3.9590126060103115e-11,-7.630533164797016e-13
26.70647896237667,0.21273459685503962,-0.3191520540376656,0.5879300635775214,4.023512817046699,998.9431538411443,3.7725325157859624e-11,-7.297760212623487e-13
26.756478962376672,0.21273459685661625,-0.3191520540366147,0.5879300635774848,4.023512817046656,999.345505122849,3.594918962731107e-11,-7.007963598132839e-13
26.806478962376673,0.21273459685811863,-0.31915205403561325,0.5879300635774496,4.023512817046615,999.7478564045537,3.42560800027303e-11,-6.727982447986091e-13
26.856478962376674,0.21273459685955026,-0.31915205403465896,0.5879300635774158,4.0235128170465755,1000.1502076862583,3.264251603602314e-11,-6.476171823321638e-13
26.906478962376674,0.21273459686091445,-0.31915205403374963,0.5879300635773833,4.023512817046537,1000.552558967963,3.110533649307136e-11,-6.177176615007192e-13
26.956478962376675,0.2127345968622144,-0.31915205403288316,0.5879300635773523,4.0235128170465,1000.9549102496677,2.963992157776296e-11,-5.942037785457522e-13
27.006478962376676,0.2127345968634531,-0.3191520540320575,0.5879300635773225,4.023512817046465,1001.3572615313724,2.82438020269164e-11,-5.733469771080222e-13
27.056478962376676,0.21273459686463347,-0.3191520540312707,0.5879300635772937,4.023512817046432,1001.7596128130771,2.6913299378679147e-11,-5.443763655913991e-13
27.106478962376677,0.21273459686575824,-0.319152054030521,0.5879300635772664,4.0235128170464,1002.1619640947818,2.56457117967182e-11,-5.249048213384953e-13
27.156478962376678,0.21273459686683002,-0.31915205402980656,0.5879300635772401,4.0235128170463685,1002.5643153764864,2.443754345298174e-11,-5.037116924397922e-13
27.20647896237668,0.21273459686785132,-0.31915205402912583,0.5879300635772148,4.023512817046338,1002.9666666581911,2.3286271982702575e-11,-4.808628283303903e-13
27.25647896237668,0.2127345968688245,-0.31915205402847713,0.5879300635771907,4.02351281704631,1003.3690179398958,2.2189291863649006e-11,-4.585470548750325e-13
27.30647896237668,0.21273459686975185,-0.319152054027859,0.5879300635771677,4.023512817046283,1003.7713692216005,2.114369209600334e-11,-4.475821794180494e-13
27.35647896237668,0.21273459687063548,-0.31915205402727004,0.5879300635771453,4.023512817046258,1004.1737205033052,2.014751598593385e-11,-4.2606932315510823e-13
27.40647896237668,0.21273459687147747,-0.31915205402670876,0.5879300635771239,4.023512817046232,1004.5760717850097,1.9197933842445896e-11,-4.0384442125239957e-13
27.456478962376682,0.2127345968722798,-0.31915205402617397,0.5879300635771035,4.023512817046208,1004.9784230667143,1.8293504235544874e-11,-3.8936161643227854e-13
27.506478962376683,0.21273459687304433,-0.3191520540256644,0.587930063577084,4.023512817046185,1005.3807743484189,1.743083248144442e-11,-3.7416546143934717e-13
27.556478962376683,0.2127345968737728,-0.3191520540251788,0.5879300635770652,4.023512817046164,1005.7831256301234,1.660893390101046e-11,-3.5954611307324686e-13
27.606478962376684,0.2127345968744669,-0.31915205402471614,0.5879300635770471,4.023512817046141,1006.185476911828,1.5826118333223176e-11,-3.440285234794972e-13
27.656478962376685,0.21273459687512833,-0.31915205402427527,0.5879300635770298,4.023512817046122,1006.5878281935326,1.50802320140043e-11,-3.3287283708017393e-13
27.706478962376686,0.21273459687575857,-0.31915205402385516,0.5879300635770132,4.023512817046102,1006.9901794752371,1.4369459131166929e-11,-3.184087674308206e-13
27.756478962376686,0.2127345968763591,-0.31915205402345487,0.5879300635769972,4.0235128170460825,1007.3925307569417,1.3692463183682783e-11,-3.0001229154657075e-13
27.806478962376687,0.21273459687693133,-0.31915205402307345,0.5879300635769821,4.023512817046065,1007.7948820386463,1.3046673570448805e-11,-2.9436352619230485e-13
27.856478962376688,0.2127345968774766,-0.31915205402271,0.5879300635769673,4.02351281704605,1008.1972333203508,1.2431637377527898e-11,-2.8426673023108155e-13
27.90647896237669,0.21273459687799615,-0.3191520540223637,0.5879300635769531,4.023512817046031,1008.5995846020554,1.1845497290399372e-11,-2.6847822426366347e-13
27.95647896237669,0.2127345968784912,-0.3191520540220337,0.5879300635769396,4.023512817046017,1009.00193588376,1.1286924294541699e-11,-2.5495618877453354e-13
28.00647896237669,0.2127345968789629,-0.3191520540217193,0.5879300635769268,4.023512817046002,1009.4042871654646,1.0754716283414376e-11,-2.5016248911662756e-13
28.05647896237669,0.21273459687941237,-0.3191520540214197,0.5879300635769142,4.023512817045987,1009.8066384471691,1.0247742626614332e-11,-2.36568317245616e-13
28.10647896237669,0.21273459687984064,-0.3191520540211342,0.5879300635769024,4.0235128170459715,1010.2089897288737,9.764889923999714e-12,-2.2271945152804934e-13
28.156478962376692,0.21273459688024873,-0.3191520540208622,0.5879300635768911,4.02351281704596,1010.6113410105783,9.303641976593889e-12,-2.1982723464670124e-13
28.206478962376693,0.21273459688063756,-0.31915205402060304,0.5879300635768802,4.023512817045947,1011.0136922922828,8.864793145638404e-12,-2.068510889132671e-13
28.256478962376693,0.21273459688100804,-0.31915205402035607,0.5879300635768697,4.023512817045933,1011.4160435739874,8.446805365049296e-12,-1.9864728241927196e-13
28.306478962376694,0.21273459688136107,-0.31915205402012076,0.5879300635768597,4.023512817045921,1011.818394855692,8.048247682871803e-12,-1.953902155741538e-13
28.356478962376695,0.2127345968816974,-0.31915205401989655,0.58793006357685,4.023512817045909,1012.2207461373965,7.66823911266584e-12,-1.8472715545737257e-13
28.406478962376696,0.21273459688201787,-0.31915205401968294,0.5879300635768406,4.023512817045899,1012.6230974191011,7.306816669990769e-12,-1.7404660392469348e-13
28.456478962376696,0.21273459688232324,-0.3191520540194794,0.5879300635768319,4.023512817045888,1013.0254487008057,6.962073469834606e-12,-1.695883817241276e-13
28.506478962376697,0.2127345968826142,-0.3191520540192854,0.5879300635768233,4.023512817045878,1013.4277999825102,6.633735942937482e-12,-1.635375269439176e-13
28.556478962376698,0.21273459688289145,-0.31915205401910063,0.5879300635768151,4.0235128170458685,1013.8301512642148,6.32064288329525e-12,-1.583749883213681e-13
28.6064789623767,0.2127345968831556,-0.31915205401892455,0.5879300635768071,4.02351281704586,1014.2325025459194,6.021848938885918e-12,-1.4868691221627554e-13
28.6564789623767,0.21273459688340726,-0.3191520540187568,0.5879300635767997,4.023512817045851,1014.6348538276239,5.738412793082738e-12,-1.4788627678815288e-13
28.7064789623767,0.21273459688364707,-0.3191520540185969,0.5879300635767922,4.023512817045842,1015.0372051093285,5.46773279264307e-12,-1.4042315104076678e-13
28.7564789623767,0.21273459688387558,-0.3191520540184446,0.5879300635767851,4.023512817045834,1015.4395563910331,5.2094691751066065e-12,-1.3507628693879026e-13
28.8064789623767,0.2127345968840933,-0.3191520540182995,0.5879300635767784,4.023512817045826,1015.8419076727376,4.96313394479912e-12,-1.2525516767296647e-13
28.856478962376702,0.21273459688430071,-0.3191520540181612,0.587930063576772,4.023512817045818,1016.2442589544422,4.729001266570771e-12,-1.200507831860849e-13
28.906478962376703,0.21273459688449836,-0.3191520540180295,0.587930063576766,4.023512817045811,1016.6466102361468,4.5059087379157235e-12,-1.1800454798244035e-13
28.956478962376703,0.21273459688468668,-0.319152054017904,0.5879300635767601,4.023512817045804,1017.0489615178514,4.293317113259991e-12,-1.1386360850994426e-13
29.006478962376704,0.21273459688486612,-0.31915205401778435,0.5879300635767545,4.023512817045797,1017.4513127995559,4.0901295930685425e-12,-1.0713389777309388e-13
29.056478962376705,0.21273459688503707,-0.3191520540176704,0.587930063576749,4.02351281704579,1017.8536640812605,3.897531252702967e-12,-1.0399112996563802e-13
29.106478962376706,0.21273459688519997,-0.3191520540175618,0.5879300635767438,4.023512817045784,1018.2560153629651,3.713319033218231e-12,-9.525165044346961e-14
29.156478962376706,0.21273459688535515,-0.3191520540174584,0.587930063576739,4.02351281704578,1018.6583666446696,3.53800644942736e-12,-9.459739771922722e-14
29.206478962376707,0.212734596885503,-0.31915205401735985,0.5879300635767343,4.0235128170457735,1019.0607179263742,3.3710716203454804e-12,-9.330629777455166e-14
29.256478962376708,0.2127345968856439,-0.31915205401726593,0.5879300635767296,4.023512817045768,1019.4630692080788,3.211454345099244e-12,-8.439138878582278e-14
29.30647896237671,0.21273459688577812,-0.31915205401717645,0.5879300635767254,4.023512817045763,1019.8654204897833,3.059786692397143e-12,-8.10045555151732e-14
29.35647896237671,0.21273459688590599,-0.31915205401709124,0.5879300635767213,4.023512817045758,1020.2677717714879,2.915708027888246e-12,-8.049394920110865e-14
29.40647896237671,0.21273459688602783,-0.31915205401701,0.5879300635767173,4.023512817045754,1020.6701230531925,2.777602400402413e-12,-7.729754035087656e-14
29.45647896237671,0.2127345968861439,-0.31915205401693264,0.5879300635767134,4.0235128170457495,1021.072474334897,2.6463441020861626e-12,-7.160808697506006e-14
29.50647896237671,0.2127345968862545,-0.3191520540168589,0.5879300635767098,4.023512817045745,1021.4748256166016,2.521285990060439e-12,-7.347920227428187e-14
29.556478962376712,0.21273459688635987,-0.3191520540167887,0.5879300635767062,4.023512817045741,1021.8771768983062,2.402056473855214e-12,-6.624286527193845e-14
29.606478962376713,0.21273459688646026,-0.3191520540167218,0.5879300635767029,4.023512817045737,1022.2795281800107,2.2882760653517013e-12,-6.361772968295881e-14
29.656478962376713,0.2127345968865559,-0.3191520540166581,0.5879300635766996,4.023512817045734,1022.6818794617153,2.1807972343834312e-12,-6.232733305165546e-14
29.706478962376714,0.21273459688664706,-0.31915205401659735,0.5879300635766965,4.023512817045731,1023.0842307434199,2.077898714277593e-12,-6.20123839137515e-14
29.756478962376715,0.2127345968867339,-0.31915205401653945,0.5879300635766934,4.023512817045727,1023.4865820251244,1.9794455401265196e-12,-5.68149394191929e-14
29.806478962376715,0.21273459688681665,-0.31915205401648433,0.5879300635766905,4.023512817045725,1023.888933306829,1.8856376661676606e-12,-5.639639658677471e-14
29.856478962376716,0.21273459688689544,-0.3191520540164318,0.5879300635766878,4.023512817045722,1024.2912845885337,1.7963390192405834e-12,-5.177372573871705e-14
29.906478962376717,0.21273459688697052,-0.3191520540163818,0.5879300635766851,4.023512817045718,1024.6936358702383,1.712251580310549e-12,-4.7335945945498245e-14
29.956478962376718,0.21273459688704208,-0.3191520540163341,0.5879300635766826,4.023512817045716,1025.0959871519428,1.6313931867800344e-12,-4.6308813429866336e-14
30,0.21273459688710142,-0.31915205401629454,0.5879300635766807,4.023512817045713,1025.4983384336474,1.5634351774892043e-12,-4.746204911390652e-14
